Dealer_Name,Model,Company,Price ($)
Alan Byer Volvo Cars,XC90 B5 Core Bright Theme,Volvo,54977.0
Alan Byer Volvo Cars,XC90 T5 Momentum 7 Passenger,Volvo,38444.0
Aristocrat Motors,Cayenne E-Hybrid Coupe Base,Porsche,79477.0
BMW of Fort Wayne/MINI of Fort Wayne,X7 xDrive40i,BMW,46948.0
BMW of Wyoming Valley,330 xDrive,BMW,36594.5
Bob Moore Kia Northwest,Sorento Hybrid EX,Kia,36858.0
Buddy Storbeck's Diesel Service Inc,3-Sep,Saab,31499.625
Buddy Storbeck's Diesel Service Inc,3000GT,Mitsubishi,22037.875
Buddy Storbeck's Diesel Service Inc,300M,Chrysler,22643.14285714286
Buddy Storbeck's Diesel Service Inc,323i,BMW,18500.5
Buddy Storbeck's Diesel Service Inc,328i,BMW,27499.75
Buddy Storbeck's Diesel Service Inc,528i,BMW,28000.15
Buddy Storbeck's Diesel Service Inc,A4,Audi,19500.0
Buddy Storbeck's Diesel Service Inc,A6,Audi,25741.541666666668
Buddy Storbeck's Diesel Service Inc,A8,Audi,13001.0
Buddy Storbeck's Diesel Service Inc,Accent,Hyundai,18000.0
Buddy Storbeck's Diesel Service Inc,Accord,Honda,31000.5
Buddy Storbeck's Diesel Service Inc,Altima,Nissan,20500.5
Buddy Storbeck's Diesel Service Inc,Aurora,Oldsmobile,51998.875
Buddy Storbeck's Diesel Service Inc,Avenger,Dodge,39000.0
Buddy Storbeck's Diesel Service Inc,Beetle,Volkswagen,33000.0
Buddy Storbeck's Diesel Service Inc,Bonneville,Pontiac,22500.333333333332
Buddy Storbeck's Diesel Service Inc,Bravada,Oldsmobile,17666.666666666668
Buddy Storbeck's Diesel Service Inc,C-Class,Mercedes-B,14042.166666666666
Buddy Storbeck's Diesel Service Inc,C70,Volvo,33571.28571428572
Buddy Storbeck's Diesel Service Inc,CL500,Mercedes-B,26300.0
Buddy Storbeck's Diesel Service Inc,CLK Coupe,Mercedes-B,22101.0
Buddy Storbeck's Diesel Service Inc,CR-V,Honda,21929.14285714286
Buddy Storbeck's Diesel Service Inc,Cabrio,Volkswagen,17786.0
Buddy Storbeck's Diesel Service Inc,Camaro,Chevrolet,30925.0
Buddy Storbeck's Diesel Service Inc,Camry,Toyota,30215.0
Buddy Storbeck's Diesel Service Inc,Caravan,Dodge,29750.25
Buddy Storbeck's Diesel Service Inc,Carrera Cabrio,Porsche,20800.0
Buddy Storbeck's Diesel Service Inc,Carrera Coupe,Porsche,21500.375
Buddy Storbeck's Diesel Service Inc,Catera,Cadillac,28000.0
Buddy Storbeck's Diesel Service Inc,Cavalier,Chevrolet,18833.333333333332
Buddy Storbeck's Diesel Service Inc,Celica,Toyota,23467.0
Buddy Storbeck's Diesel Service Inc,Century,Buick,17250.0
Buddy Storbeck's Diesel Service Inc,Cherokee,Jeep,25000.0
Buddy Storbeck's Diesel Service Inc,Cirrus,Chrysler,12001.0
Buddy Storbeck's Diesel Service Inc,Civic,Honda,38575.25
Buddy Storbeck's Diesel Service Inc,Concorde,Chrysler,27020.4
Buddy Storbeck's Diesel Service Inc,Continental,Lincoln,42249.916666666664
Buddy Storbeck's Diesel Service Inc,Contour,Ford,19000.0
Buddy Storbeck's Diesel Service Inc,Corolla,Toyota,14250.0
Buddy Storbeck's Diesel Service Inc,Corvette,Chevrolet,34833.444444444445
Buddy Storbeck's Diesel Service Inc,Cougar,Mercury,31000.166666666668
Buddy Storbeck's Diesel Service Inc,Crown Victoria,Ford,27320.4
Buddy Storbeck's Diesel Service Inc,Cutlass,Oldsmobile,29667.0
Buddy Storbeck's Diesel Service Inc,Dakota,Dodge,21050.0
Buddy Storbeck's Diesel Service Inc,DeVille,Cadillac,22001.0
Buddy Storbeck's Diesel Service Inc,Diamante,Mitsubishi,19996.083333333332
Buddy Storbeck's Diesel Service Inc,Durango,Dodge,22481.25
Buddy Storbeck's Diesel Service Inc,E-Class,Mercedes-B,31000.0
Buddy Storbeck's Diesel Service Inc,ES300,Lexus,29062.75
Buddy Storbeck's Diesel Service Inc,Eclipse,Mitsubishi,19750.0
Buddy Storbeck's Diesel Service Inc,Elantra,Hyundai,24000.0
Buddy Storbeck's Diesel Service Inc,Eldorado,Cadillac,31555.61111111111
Buddy Storbeck's Diesel Service Inc,Escalade,Cadillac,33010.2
Buddy Storbeck's Diesel Service Inc,Escort,Ford,12700.0
Buddy Storbeck's Diesel Service Inc,Expedition,Ford,22722.222222222223
Buddy Storbeck's Diesel Service Inc,Explorer,Ford,23333.666666666668
Buddy Storbeck's Diesel Service Inc,Firebird,Pontiac,43250.5
Buddy Storbeck's Diesel Service Inc,Focus,Ford,26875.25
Buddy Storbeck's Diesel Service Inc,Forester,Subaru,22750.285714285714
Buddy Storbeck's Diesel Service Inc,Frontier,Nissan,29325.0
Buddy Storbeck's Diesel Service Inc,GS400,Lexus,21751.0
Buddy Storbeck's Diesel Service Inc,GTI,Volkswagen,25900.25
Buddy Storbeck's Diesel Service Inc,Galant,Mitsubishi,36000.0
Buddy Storbeck's Diesel Service Inc,Golf,Volkswagen,20000.666666666668
Buddy Storbeck's Diesel Service Inc,Grand Am,Pontiac,25200.2
Buddy Storbeck's Diesel Service Inc,Grand Cherokee,Jeep,17000.0
Buddy Storbeck's Diesel Service Inc,Grand Marquis,Mercury,31219.65
Buddy Storbeck's Diesel Service Inc,Grand Prix,Pontiac,30500.5
Buddy Storbeck's Diesel Service Inc,I30,Infiniti,26125.0
Buddy Storbeck's Diesel Service Inc,Impala,Chevrolet,14000.0
Buddy Storbeck's Diesel Service Inc,Integra,Acura,45000.5
Buddy Storbeck's Diesel Service Inc,Intrepid,Dodge,11000.0
Buddy Storbeck's Diesel Service Inc,Intrigue,Oldsmobile,39920.2
Buddy Storbeck's Diesel Service Inc,Jetta,Volkswagen,29142.785714285714
Buddy Storbeck's Diesel Service Inc,LHS,Chrysler,25891.363636363636
Buddy Storbeck's Diesel Service Inc,LS,Saturn,14000.0
Buddy Storbeck's Diesel Service Inc,LS400,Lexus,39653.692307692305
Buddy Storbeck's Diesel Service Inc,LW,Saturn,16333.666666666666
Buddy Storbeck's Diesel Service Inc,LX470,Lexus,22000.0
Buddy Storbeck's Diesel Service Inc,Land Cruiser,Toyota,21600.0
Buddy Storbeck's Diesel Service Inc,LeSabre,Buick,20000.0
Buddy Storbeck's Diesel Service Inc,Lumina,Chevrolet,22000.428571428572
Buddy Storbeck's Diesel Service Inc,M-Class,Mercedes-B,18001.0
Buddy Storbeck's Diesel Service Inc,Malibu,Chevrolet,32500.25
Buddy Storbeck's Diesel Service Inc,Maxima,Nissan,21300.6
Buddy Storbeck's Diesel Service Inc,Metro,Chevrolet,20214.428571428572
Buddy Storbeck's Diesel Service Inc,Mirage,Mitsubishi,9500.0
Buddy Storbeck's Diesel Service Inc,Monte Carlo,Chevrolet,20450.333333333332
Buddy Storbeck's Diesel Service Inc,Montero,Mitsubishi,16000.0
Buddy Storbeck's Diesel Service Inc,Montero Sport,Mitsubishi,36722.333333333336
Buddy Storbeck's Diesel Service Inc,Mountaineer,Mercury,21000.0
Buddy Storbeck's Diesel Service Inc,Mustang,Ford,39000.0
Buddy Storbeck's Diesel Service Inc,Mystique,Mercury,9000.5
Buddy Storbeck's Diesel Service Inc,Navigator,Lincoln,33001.0
Buddy Storbeck's Diesel Service Inc,Neon,Plymouth,20200.2
Buddy Storbeck's Diesel Service Inc,Outback,Subaru,38571.71428571428
Buddy Storbeck's Diesel Service Inc,Park Avenue,Buick,39319.4
Buddy Storbeck's Diesel Service Inc,Passat,Volkswagen,18055.666666666668
Buddy Storbeck's Diesel Service Inc,Passport,Honda,23666.666666666668
Buddy Storbeck's Diesel Service Inc,Pathfinder,Nissan,27250.5
Buddy Storbeck's Diesel Service Inc,Prizm,Chevrolet,20450.375
Buddy Storbeck's Diesel Service Inc,Prowler,Plymouth,43665.666666666664
Buddy Storbeck's Diesel Service Inc,Quest,Nissan,15500.5
Buddy Storbeck's Diesel Service Inc,RAV4,Toyota,24167.0
Buddy Storbeck's Diesel Service Inc,RL,Acura,22872.909090909092
Buddy Storbeck's Diesel Service Inc,RX300,Lexus,18000.0
Buddy Storbeck's Diesel Service Inc,Ram Pickup,Dodge,29992.69230769231
Buddy Storbeck's Diesel Service Inc,Ram Van,Dodge,32208.0
Buddy Storbeck's Diesel Service Inc,Ram Wagon,Dodge,19000.25
Buddy Storbeck's Diesel Service Inc,Ranger,Ford,38049.25
Buddy Storbeck's Diesel Service Inc,Regal,Buick,28000.0
Buddy Storbeck's Diesel Service Inc,S-Class,Mercedes-B,27724.625
Buddy Storbeck's Diesel Service Inc,S-Type,Jaguar,23540.0
Buddy Storbeck's Diesel Service Inc,S40,Volvo,23222.333333333332
Buddy Storbeck's Diesel Service Inc,S70,Volvo,25250.0
Buddy Storbeck's Diesel Service Inc,S80,Volvo,21000.0
Buddy Storbeck's Diesel Service Inc,SC,Saturn,39249.625
Buddy Storbeck's Diesel Service Inc,SL,Saturn,22000.0
Buddy Storbeck's Diesel Service Inc,SL-Class,Mercedes-B,30025.25
Buddy Storbeck's Diesel Service Inc,SLK,Mercedes-B,29250.25
Buddy Storbeck's Diesel Service Inc,SLK230,Mercedes-B,49665.666666666664
Buddy Storbeck's Diesel Service Inc,SW,Saturn,36500.0
Buddy Storbeck's Diesel Service Inc,Sable,Mercury,30333.666666666668
Buddy Storbeck's Diesel Service Inc,Sebring Coupe,Chrysler,33883.5
Buddy Storbeck's Diesel Service Inc,Seville,Cadillac,36667.0
Buddy Storbeck's Diesel Service Inc,Sienna,Toyota,12001.0
Buddy Storbeck's Diesel Service Inc,Silhouette,Oldsmobile,20937.6875
Buddy Storbeck's Diesel Service Inc,Sonata,Hyundai,18300.0
Buddy Storbeck's Diesel Service Inc,Stratus,Dodge,31000.25
Buddy Storbeck's Diesel Service Inc,Sunfire,Pontiac,36895.0
Buddy Storbeck's Diesel Service Inc,TL,Acura,21900.0
Buddy Storbeck's Diesel Service Inc,Tacoma,Toyota,24000.0
Buddy Storbeck's Diesel Service Inc,Taurus,Ford,29000.0
Buddy Storbeck's Diesel Service Inc,Town & Country,Chrysler,17001.0
Buddy Storbeck's Diesel Service Inc,Town car,Lincoln,22840.0
Buddy Storbeck's Diesel Service Inc,V70,Volvo,39001.0
Buddy Storbeck's Diesel Service Inc,Villager,Mercury,15250.0
Buddy Storbeck's Diesel Service Inc,Viper,Dodge,29167.0
Buddy Storbeck's Diesel Service Inc,Voyager,Plymouth,30499.875
Buddy Storbeck's Diesel Service Inc,Windstar,Ford,27000.333333333332
Buddy Storbeck's Diesel Service Inc,Wrangler,Jeep,17000.0
Buddy Storbeck's Diesel Service Inc,Xterra,Nissan,9000.0
C & M Motors Inc,3-Sep,Saab,32499.625
C & M Motors Inc,3000GT,Mitsubishi,21500.571428571428
C & M Motors Inc,300M,Chrysler,21500.428571428572
C & M Motors Inc,323i,BMW,15111.111111111111
C & M Motors Inc,328i,BMW,37999.25
C & M Motors Inc,4Runner,Toyota,30250.0
C & M Motors Inc,5-Sep,Saab,28100.0
C & M Motors Inc,528i,BMW,32249.75
C & M Motors Inc,A4,Audi,19500.0
C & M Motors Inc,A6,Audi,22000.285714285714
C & M Motors Inc,Accent,Hyundai,18250.0
C & M Motors Inc,Accord,Honda,23350.4
C & M Motors Inc,Alero,Oldsmobile,17000.0
C & M Motors Inc,Altima,Nissan,20167.0
C & M Motors Inc,Aurora,Oldsmobile,28020.2
C & M Motors Inc,Avenger,Dodge,26375.5
C & M Motors Inc,Beetle,Volkswagen,37000.0
C & M Motors Inc,Bonneville,Pontiac,22800.2
C & M Motors Inc,Boxter,Porsche,25125.5
C & M Motors Inc,Bravada,Oldsmobile,23000.2
C & M Motors Inc,Breeze,Plymouth,19000.0
C & M Motors Inc,C-Class,Mercedes-B,13834.0
C & M Motors Inc,C70,Volvo,30375.0
C & M Motors Inc,CL500,Mercedes-B,24500.666666666668
C & M Motors Inc,CLK Coupe,Mercedes-B,22000.0
C & M Motors Inc,CR-V,Honda,23740.2
C & M Motors Inc,Cabrio,Volkswagen,18300.4
C & M Motors Inc,Camaro,Chevrolet,30750.25
C & M Motors Inc,Camry,Toyota,30250.0
C & M Motors Inc,Caravan,Dodge,20340.0
C & M Motors Inc,Carrera Cabrio,Porsche,32000.0
C & M Motors Inc,Carrera Coupe,Porsche,21250.25
C & M Motors Inc,Cavalier,Chevrolet,20350.0
C & M Motors Inc,Celica,Toyota,36000.6
C & M Motors Inc,Century,Buick,17250.0
C & M Motors Inc,Cherokee,Jeep,25000.0
C & M Motors Inc,Cirrus,Chrysler,12000.0
C & M Motors Inc,Civic,Honda,25233.666666666668
C & M Motors Inc,Concorde,Chrysler,30555.555555555555
C & M Motors Inc,Continental,Lincoln,38799.4
C & M Motors Inc,Contour,Ford,38499.75
C & M Motors Inc,Corolla,Toyota,34667.0
C & M Motors Inc,Corvette,Chevrolet,24666.666666666668
C & M Motors Inc,Cougar,Mercury,28417.0
C & M Motors Inc,Crown Victoria,Ford,21950.0
C & M Motors Inc,Cutlass,Oldsmobile,36800.2
C & M Motors Inc,Dakota,Dodge,15000.0
C & M Motors Inc,DeVille,Cadillac,46266.0
C & M Motors Inc,Diamante,Mitsubishi,26793.466666666667
C & M Motors Inc,Durango,Dodge,24266.666666666668
C & M Motors Inc,E-Class,Mercedes-B,31000.0
C & M Motors Inc,ES300,Lexus,27000.0
C & M Motors Inc,Eclipse,Mitsubishi,23700.2
C & M Motors Inc,Elantra,Hyundai,22000.0
C & M Motors Inc,Eldorado,Cadillac,43999.25
C & M Motors Inc,Escalade,Cadillac,33200.2
C & M Motors Inc,Escort,Ford,11000.0
C & M Motors Inc,Expedition,Ford,12001.0
C & M Motors Inc,Explorer,Ford,36250.25
C & M Motors Inc,F-Series,Ford,18000.0
C & M Motors Inc,Firebird,Pontiac,43000.0
C & M Motors Inc,Focus,Ford,39583.5
C & M Motors Inc,Forester,Subaru,19875.0
C & M Motors Inc,Frontier,Nissan,36500.0
C & M Motors Inc,GS300,Lexus,28333.666666666668
C & M Motors Inc,GS400,Lexus,12000.0
C & M Motors Inc,GTI,Volkswagen,23500.0
C & M Motors Inc,Galant,Mitsubishi,42000.5
C & M Motors Inc,Golf,Volkswagen,17600.5
C & M Motors Inc,Grand Am,Pontiac,17000.0
C & M Motors Inc,Grand Cherokee,Jeep,23875.25
C & M Motors Inc,Grand Marquis,Mercury,30999.833333333332
C & M Motors Inc,Grand Prix,Pontiac,32433.166666666668
C & M Motors Inc,I30,Infiniti,27000.0
C & M Motors Inc,Impala,Chevrolet,21525.25
C & M Motors Inc,Integra,Acura,45001.0
C & M Motors Inc,Intrepid,Dodge,24333.666666666668
C & M Motors Inc,Intrigue,Oldsmobile,34400.0
C & M Motors Inc,Jetta,Volkswagen,31860.05
C & M Motors Inc,LHS,Chrysler,22883.666666666668
C & M Motors Inc,LS,Saturn,36286.0
C & M Motors Inc,LS400,Lexus,34508.77272727273
C & M Motors Inc,LW,Saturn,26222.555555555555
C & M Motors Inc,LX470,Lexus,44250.25
C & M Motors Inc,Land Cruiser,Toyota,18133.666666666668
C & M Motors Inc,Lumina,Chevrolet,42000.333333333336
C & M Motors Inc,M-Class,Mercedes-B,35666.666666666664
C & M Motors Inc,Malibu,Chevrolet,41399.9
C & M Motors Inc,Maxima,Nissan,38000.0
C & M Motors Inc,Metro,Chevrolet,19812.625
C & M Motors Inc,Mirage,Mitsubishi,9000.5
C & M Motors Inc,Monte Carlo,Chevrolet,29667.166666666668
C & M Motors Inc,Montero,Mitsubishi,16125.0
C & M Motors Inc,Montero Sport,Mitsubishi,44000.0
C & M Motors Inc,Mountaineer,Mercury,21250.0
C & M Motors Inc,Mustang,Ford,21200.6
C & M Motors Inc,Mystique,Mercury,9000.0
C & M Motors Inc,Navigator,Lincoln,19601.0
C & M Motors Inc,Neon,Dodge,19000.0
C & M Motors Inc,Neon,Plymouth,23583.5
C & M Motors Inc,Odyssey,Honda,27000.0
C & M Motors Inc,Outback,Subaru,19000.0
C & M Motors Inc,Park Avenue,Buick,41069.6
C & M Motors Inc,Passat,Volkswagen,19187.75
C & M Motors Inc,Passport,Honda,22250.166666666668
C & M Motors Inc,Pathfinder,Nissan,30332.833333333332
C & M Motors Inc,Prizm,Chevrolet,24850.166666666668
C & M Motors Inc,Prowler,Plymouth,23666.666666666668
C & M Motors Inc,Quest,Nissan,27367.333333333332
C & M Motors Inc,RAV4,Toyota,33999.5
C & M Motors Inc,RL,Acura,26800.5
C & M Motors Inc,Ram Pickup,Dodge,26650.0
C & M Motors Inc,Ram Van,Dodge,29399.7
C & M Motors Inc,Ram Wagon,Dodge,22000.5
C & M Motors Inc,Ranger,Ford,37999.75
C & M Motors Inc,Regal,Buick,36000.0
C & M Motors Inc,S-Class,Mercedes-B,24874.9375
C & M Motors Inc,S-Type,Jaguar,29167.166666666668
C & M Motors Inc,S40,Volvo,33917.0
C & M Motors Inc,S70,Volvo,23875.0
C & M Motors Inc,S80,Volvo,25100.2
C & M Motors Inc,SC,Saturn,45499.416666666664
C & M Motors Inc,SL,Saturn,15500.0
C & M Motors Inc,SL-Class,Mercedes-B,22420.0
C & M Motors Inc,SLK,Mercedes-B,31200.2
C & M Motors Inc,SLK230,Mercedes-B,21700.0
C & M Motors Inc,SW,Saturn,25001.0
C & M Motors Inc,Sable,Mercury,42387.5
C & M Motors Inc,Sebring Coupe,Chrysler,19750.25
C & M Motors Inc,Sentra,Nissan,16001.0
C & M Motors Inc,Seville,Cadillac,38500.25
C & M Motors Inc,Sienna,Toyota,22586.0
C & M Motors Inc,Silhouette,Oldsmobile,31027.454545454544
C & M Motors Inc,Sonata,Hyundai,13500.0
C & M Motors Inc,Stratus,Dodge,29500.5
C & M Motors Inc,Sunfire,Pontiac,30143.14285714286
C & M Motors Inc,TL,Acura,21250.333333333332
C & M Motors Inc,Tacoma,Toyota,35843.28571428572
C & M Motors Inc,Taurus,Ford,43001.0
C & M Motors Inc,Town car,Lincoln,17520.2
C & M Motors Inc,V40,Volvo,18000.0
C & M Motors Inc,Villager,Mercury,17687.5
C & M Motors Inc,Viper,Dodge,28062.75
C & M Motors Inc,Voyager,Plymouth,19167.166666666668
C & M Motors Inc,Windstar,Ford,25025.0
C & M Motors Inc,Wrangler,Jeep,13260.333333333334
C & M Motors Inc,Xterra,Nissan,17500.0
Capitol KIA,3-Sep,Saab,57998.5
Capitol KIA,3000GT,Mitsubishi,20700.076923076922
Capitol KIA,300M,Chrysler,23500.14285714286
Capitol KIA,323i,BMW,19833.833333333332
Capitol KIA,328i,BMW,32514.0
Capitol KIA,4Runner,Toyota,28666.666666666668
Capitol KIA,5-Sep,Saab,28001.0
Capitol KIA,528i,BMW,30780.1
Capitol KIA,A4,Audi,27000.0
Capitol KIA,A6,Audi,17333.5
Capitol KIA,A8,Audi,44331.0
Capitol KIA,Accent,Hyundai,18000.0
Capitol KIA,Accord,Honda,29750.25
Capitol KIA,Altima,Nissan,20000.0
Capitol KIA,Aurora,Oldsmobile,38666.166666666664
Capitol KIA,Avenger,Dodge,19000.0
Capitol KIA,Beetle,Volkswagen,37000.666666666664
Capitol KIA,Bonneville,Pontiac,23500.25
Capitol KIA,Bravada,Oldsmobile,20000.14285714286
Capitol KIA,Breeze,Plymouth,39000.0
Capitol KIA,C-Class,Mercedes-B,13440.2
Capitol KIA,C70,Volvo,39249.25
Capitol KIA,CL500,Mercedes-B,27700.2
Capitol KIA,CR-V,Honda,21750.5
Capitol KIA,Cabrio,Volkswagen,18500.5
Capitol KIA,Camaro,Chevrolet,30875.25
Capitol KIA,Camry,Toyota,32800.0
Capitol KIA,Caravan,Dodge,23750.0
Capitol KIA,Carrera Cabrio,Porsche,26200.333333333332
Capitol KIA,Carrera Coupe,Porsche,20000.166666666668
Capitol KIA,Catera,Cadillac,28033.666666666668
Capitol KIA,Cavalier,Chevrolet,19380.4
Capitol KIA,Celica,Toyota,18500.8
Capitol KIA,Century,Buick,17000.0
Capitol KIA,Cherokee,Jeep,25000.0
Capitol KIA,Civic,Honda,43866.666666666664
Capitol KIA,Concorde,Chrysler,25666.666666666668
Capitol KIA,Continental,Lincoln,30166.583333333332
Capitol KIA,Contour,Ford,48248.875
Capitol KIA,Corolla,Toyota,16125.5
Capitol KIA,Corvette,Chevrolet,34875.375
Capitol KIA,Cougar,Mercury,22000.0
Capitol KIA,Crown Victoria,Ford,27460.4
Capitol KIA,Cutlass,Oldsmobile,37000.5
Capitol KIA,Dakota,Dodge,21000.0
Capitol KIA,DeVille,Cadillac,31024.875
Capitol KIA,Diamante,Mitsubishi,21731.0
Capitol KIA,Durango,Dodge,20900.166666666668
Capitol KIA,E-Class,Mercedes-B,25767.0
Capitol KIA,ES300,Lexus,29533.333333333332
Capitol KIA,Eclipse,Mitsubishi,21567.333333333332
Capitol KIA,Eldorado,Cadillac,34687.5
Capitol KIA,Escalade,Cadillac,32000.6
Capitol KIA,Escort,Ford,11666.666666666666
Capitol KIA,Expedition,Ford,30520.2
Capitol KIA,Explorer,Ford,32071.428571428572
Capitol KIA,F-Series,Ford,13500.0
Capitol KIA,Firebird,Pontiac,43000.0
Capitol KIA,Focus,Ford,33000.25
Capitol KIA,Forester,Subaru,22428.85714285714
Capitol KIA,Frontier,Nissan,28572.14285714286
Capitol KIA,GS300,Lexus,34000.0
Capitol KIA,GS400,Lexus,28000.0
Capitol KIA,GTI,Volkswagen,24120.2
Capitol KIA,Galant,Mitsubishi,36000.0
Capitol KIA,Golf,Volkswagen,26375.25
Capitol KIA,Grand Am,Pontiac,20667.333333333332
Capitol KIA,Grand Cherokee,Jeep,15000.0
Capitol KIA,Grand Marquis,Mercury,23222.166666666668
Capitol KIA,Grand Prix,Pontiac,29500.083333333332
Capitol KIA,I30,Infiniti,20750.25
Capitol KIA,Impala,Chevrolet,14000.0
Capitol KIA,Integra,Acura,45000.0
Capitol KIA,Intrepid,Dodge,11000.5
Capitol KIA,Intrigue,Oldsmobile,41775.5
Capitol KIA,Jetta,Volkswagen,25814.285714285714
Capitol KIA,LHS,Chrysler,30257.285714285714
Capitol KIA,LS,Saturn,49000.0
Capitol KIA,LS400,Lexus,40282.13636363636
Capitol KIA,LW,Saturn,24625.0
Capitol KIA,LX470,Lexus,34500.0
Capitol KIA,Land Cruiser,Toyota,18750.25
Capitol KIA,LeSabre,Buick,20166.666666666668
Capitol KIA,Lumina,Chevrolet,23420.2
Capitol KIA,M-Class,Mercedes-B,21625.5
Capitol KIA,Malibu,Chevrolet,31187.4375
Capitol KIA,Maxima,Nissan,31750.25
Capitol KIA,Metro,Chevrolet,25167.0
Capitol KIA,Monte Carlo,Chevrolet,26000.0
Capitol KIA,Montero Sport,Mitsubishi,32686.14285714286
Capitol KIA,Mountaineer,Mercury,21000.0
Capitol KIA,Mustang,Ford,28600.4
Capitol KIA,Mystique,Mercury,9500.0
Capitol KIA,Navigator,Lincoln,19300.0
Capitol KIA,Neon,Dodge,19000.0
Capitol KIA,Neon,Plymouth,18125.25
Capitol KIA,Outback,Subaru,31667.0
Capitol KIA,Park Avenue,Buick,34999.25
Capitol KIA,Passat,Volkswagen,24750.2
Capitol KIA,Passport,Honda,24500.0
Capitol KIA,Pathfinder,Nissan,30166.944444444445
Capitol KIA,Prizm,Chevrolet,22927.272727272728
Capitol KIA,Prowler,Plymouth,36499.25
Capitol KIA,Quest,Nissan,22000.5
Capitol KIA,RAV4,Toyota,31583.083333333332
Capitol KIA,RL,Acura,22115.5
Capitol KIA,RX300,Lexus,18000.0
Capitol KIA,Ram Pickup,Dodge,26591.18181818182
Capitol KIA,Ram Van,Dodge,46666.0
Capitol KIA,Ram Wagon,Dodge,20900.4
Capitol KIA,Ranger,Ford,37999.25
Capitol KIA,Regal,Buick,24400.2
Capitol KIA,S-Class,Mercedes-B,28571.0
Capitol KIA,S-Type,Jaguar,26600.8
Capitol KIA,S40,Volvo,21427.545454545456
Capitol KIA,S70,Volvo,25320.2
Capitol KIA,SC,Saturn,38799.6
Capitol KIA,SL,Saturn,20000.0
Capitol KIA,SL-Class,Mercedes-B,34166.666666666664
Capitol KIA,SLK,Mercedes-B,25166.666666666668
Capitol KIA,SLK230,Mercedes-B,33601.0
Capitol KIA,SW,Saturn,25001.0
Capitol KIA,Sable,Mercury,40999.833333333336
Capitol KIA,Sebring Conv.,Chrysler,16000.0
Capitol KIA,Sebring Coupe,Chrysler,27500.333333333332
Capitol KIA,Sentra,Nissan,16000.0
Capitol KIA,Seville,Cadillac,44001.0
Capitol KIA,Sienna,Toyota,13334.0
Capitol KIA,Silhouette,Oldsmobile,28872.545454545456
Capitol KIA,Sonata,Hyundai,17000.0
Capitol KIA,Stratus,Dodge,31167.666666666668
Capitol KIA,Sunfire,Pontiac,33714.57142857143
Capitol KIA,TL,Acura,22887.875
Capitol KIA,Tacoma,Toyota,37271.21428571428
Capitol KIA,Taurus,Ford,48998.875
Capitol KIA,Town & Country,Chrysler,17000.0
Capitol KIA,Town car,Lincoln,29500.0
Capitol KIA,Villager,Mercury,18666.666666666668
Capitol KIA,Viper,Dodge,32142.85714285714
Capitol KIA,Voyager,Plymouth,28099.7
Capitol KIA,Windstar,Ford,25000.5
Capitol KIA,Wrangler,Jeep,18600.0
Capitol KIA,Xterra,Nissan,9000.0
Chrysler Plymouth,3-Sep,Saab,40266.25
Chrysler Plymouth,3000GT,Mitsubishi,23357.14285714286
Chrysler Plymouth,300M,Chrysler,25000.0
Chrysler Plymouth,323i,BMW,17142.85714285714
Chrysler Plymouth,328i,BMW,27916.75
Chrysler Plymouth,4Runner,Toyota,26200.0
Chrysler Plymouth,5-Sep,Saab,34500.0
Chrysler Plymouth,528i,BMW,22510.3
Chrysler Plymouth,A4,Audi,19500.25
Chrysler Plymouth,A6,Audi,20621.428571428572
Chrysler Plymouth,A8,Audi,44000.0
Chrysler Plymouth,Accord,Honda,24500.571428571428
Chrysler Plymouth,Aurora,Oldsmobile,40999.25
Chrysler Plymouth,Avalon,Toyota,18000.0
Chrysler Plymouth,Avenger,Dodge,16001.0
Chrysler Plymouth,Beetle,Volkswagen,45001.0
Chrysler Plymouth,Bonneville,Pontiac,19200.2
Chrysler Plymouth,Boxter,Porsche,14200.0
Chrysler Plymouth,Bravada,Oldsmobile,21666.833333333332
Chrysler Plymouth,Breeze,Plymouth,39000.0
Chrysler Plymouth,C-Class,Mercedes-B,13775.25
Chrysler Plymouth,C70,Volvo,23000.125
Chrysler Plymouth,CL500,Mercedes-B,24500.166666666668
Chrysler Plymouth,CR-V,Honda,24333.666666666668
Chrysler Plymouth,Cabrio,Volkswagen,19333.333333333332
Chrysler Plymouth,Camaro,Chevrolet,30812.75
Chrysler Plymouth,Camry,Toyota,31444.777777777777
Chrysler Plymouth,Caravan,Dodge,30750.0
Chrysler Plymouth,Carrera Cabrio,Porsche,32300.0
Chrysler Plymouth,Carrera Coupe,Porsche,21500.25
Chrysler Plymouth,Catera,Cadillac,37999.833333333336
Chrysler Plymouth,Cavalier,Chevrolet,17750.4
Chrysler Plymouth,Celica,Toyota,17400.2
Chrysler Plymouth,Century,Buick,17000.0
Chrysler Plymouth,Cherokee,Jeep,14500.0
Chrysler Plymouth,Cirrus,Chrysler,12500.0
Chrysler Plymouth,Civic,Honda,44000.0
Chrysler Plymouth,Concorde,Chrysler,27396.666666666668
Chrysler Plymouth,Continental,Lincoln,39666.416666666664
Chrysler Plymouth,Contour,Ford,38532.583333333336
Chrysler Plymouth,Corolla,Toyota,17240.4
Chrysler Plymouth,Corvette,Chevrolet,29550.2
Chrysler Plymouth,Cougar,Mercury,33000.0
Chrysler Plymouth,Crown Victoria,Ford,20001.0
Chrysler Plymouth,Cutlass,Oldsmobile,34230.0
Chrysler Plymouth,Dakota,Dodge,21001.0
Chrysler Plymouth,DeVille,Cadillac,57998.5
Chrysler Plymouth,Diamante,Mitsubishi,21650.2
Chrysler Plymouth,Durango,Dodge,23500.285714285714
Chrysler Plymouth,E-Class,Mercedes-B,24600.4
Chrysler Plymouth,ES300,Lexus,30500.0
Chrysler Plymouth,Eclipse,Mitsubishi,18850.5
Chrysler Plymouth,Elantra,Hyundai,26000.0
Chrysler Plymouth,Eldorado,Cadillac,40070.78571428572
Chrysler Plymouth,Escalade,Cadillac,36000.5
Chrysler Plymouth,Escort,Ford,13500.0
Chrysler Plymouth,Expedition,Ford,28470.4
Chrysler Plymouth,Explorer,Ford,30750.25
Chrysler Plymouth,F-Series,Ford,14000.0
Chrysler Plymouth,Firebird,Pontiac,43250.5
Chrysler Plymouth,Focus,Ford,49001.0
Chrysler Plymouth,Forester,Subaru,22580.5
Chrysler Plymouth,Frontier,Nissan,26450.1
Chrysler Plymouth,GS300,Lexus,17001.0
Chrysler Plymouth,GS400,Lexus,15800.2
Chrysler Plymouth,GTI,Volkswagen,23750.5
Chrysler Plymouth,Galant,Mitsubishi,36000.0
Chrysler Plymouth,Golf,Volkswagen,21500.0
Chrysler Plymouth,Grand Am,Pontiac,24833.333333333332
Chrysler Plymouth,Grand Cherokee,Jeep,15250.0
Chrysler Plymouth,Grand Marquis,Mercury,31699.7
Chrysler Plymouth,Grand Prix,Pontiac,32099.5
Chrysler Plymouth,I30,Infiniti,25364.714285714286
Chrysler Plymouth,Integra,Acura,45000.5
Chrysler Plymouth,Intrigue,Oldsmobile,43000.0
Chrysler Plymouth,Jetta,Volkswagen,30461.576923076922
Chrysler Plymouth,LHS,Chrysler,31125.666666666668
Chrysler Plymouth,LS,Saturn,48125.25
Chrysler Plymouth,LS400,Lexus,38999.5
Chrysler Plymouth,LW,Saturn,18001.0
Chrysler Plymouth,LX470,Lexus,54001.0
Chrysler Plymouth,Land Cruiser,Toyota,33000.0
Chrysler Plymouth,LeSabre,Buick,20000.0
Chrysler Plymouth,Lumina,Chevrolet,24811.222222222223
Chrysler Plymouth,M-Class,Mercedes-B,31400.4
Chrysler Plymouth,Malibu,Chevrolet,35362.375
Chrysler Plymouth,Maxima,Nissan,22525.25
Chrysler Plymouth,Metro,Chevrolet,21314.428571428572
Chrysler Plymouth,Monte Carlo,Chevrolet,27000.333333333332
Chrysler Plymouth,Montero Sport,Mitsubishi,30666.777777777777
Chrysler Plymouth,Mountaineer,Mercury,21050.0
Chrysler Plymouth,Mustang,Ford,29583.833333333332
Chrysler Plymouth,Navigator,Lincoln,23767.0
Chrysler Plymouth,Neon,Plymouth,23500.0
Chrysler Plymouth,Odyssey,Honda,27000.0
Chrysler Plymouth,Outback,Subaru,31666.666666666668
Chrysler Plymouth,Park Avenue,Buick,51499.25
Chrysler Plymouth,Passat,Volkswagen,16889.444444444445
Chrysler Plymouth,Passport,Honda,24500.0
Chrysler Plymouth,Pathfinder,Nissan,29437.4375
Chrysler Plymouth,Prizm,Chevrolet,22607.571428571428
Chrysler Plymouth,Prowler,Plymouth,36499.25
Chrysler Plymouth,Quest,Nissan,19500.0
Chrysler Plymouth,RAV4,Toyota,26000.25
Chrysler Plymouth,RL,Acura,22071.571428571428
Chrysler Plymouth,Ram Pickup,Dodge,20714.428571428572
Chrysler Plymouth,Ram Van,Dodge,35166.166666666664
Chrysler Plymouth,Ram Wagon,Dodge,22001.0
Chrysler Plymouth,Ranger,Ford,21500.0
Chrysler Plymouth,Regal,Buick,35200.4
Chrysler Plymouth,S-Class,Mercedes-B,22833.416666666668
Chrysler Plymouth,S-Type,Jaguar,23063.0
Chrysler Plymouth,S40,Volvo,24182.18181818182
Chrysler Plymouth,S70,Volvo,26317.0
Chrysler Plymouth,S80,Volvo,21100.0
Chrysler Plymouth,SC,Saturn,33250.5
Chrysler Plymouth,SL,Saturn,20500.0
Chrysler Plymouth,SL-Class,Mercedes-B,29110.2
Chrysler Plymouth,SLK,Mercedes-B,28000.571428571428
Chrysler Plymouth,SLK230,Mercedes-B,45499.25
Chrysler Plymouth,SW,Saturn,30750.0
Chrysler Plymouth,Sable,Mercury,48749.25
Chrysler Plymouth,Sebring Coupe,Chrysler,24916.833333333332
Chrysler Plymouth,Sentra,Nissan,20500.0
Chrysler Plymouth,Seville,Cadillac,44000.0
Chrysler Plymouth,Sienna,Toyota,15833.5
Chrysler Plymouth,Silhouette,Oldsmobile,27233.38888888889
Chrysler Plymouth,Sonata,Hyundai,17912.75
Chrysler Plymouth,Sunfire,Pontiac,31750.125
Chrysler Plymouth,TL,Acura,24916.777777777777
Chrysler Plymouth,Tacoma,Toyota,48199.7
Chrysler Plymouth,Taurus,Ford,25399.9
Chrysler Plymouth,Town & Country,Chrysler,17000.5
Chrysler Plymouth,Town car,Lincoln,29687.75
Chrysler Plymouth,V40,Volvo,18000.0
Chrysler Plymouth,V70,Volvo,39601.0
Chrysler Plymouth,Villager,Mercury,18667.0
Chrysler Plymouth,Viper,Dodge,29333.333333333332
Chrysler Plymouth,Voyager,Plymouth,18500.5
Chrysler Plymouth,Windstar,Ford,21750.0
Chrysler Plymouth,Wrangler,Jeep,19286.0
Chrysler Plymouth,Xterra,Nissan,9000.5
Chrysler of Tri-Cities,3-Sep,Saab,37599.4
Chrysler of Tri-Cities,3000GT,Mitsubishi,22500.166666666668
Chrysler of Tri-Cities,300M,Chrysler,18486.0
Chrysler of Tri-Cities,323i,BMW,17000.0
Chrysler of Tri-Cities,328i,BMW,28999.625
Chrysler of Tri-Cities,5-Sep,Saab,28000.0
Chrysler of Tri-Cities,528i,BMW,21714.571428571428
Chrysler of Tri-Cities,A4,Audi,17000.0
Chrysler of Tri-Cities,A6,Audi,20083.333333333332
Chrysler of Tri-Cities,Accord,Honda,25188.0
Chrysler of Tri-Cities,Altima,Nissan,20220.2
Chrysler of Tri-Cities,Aurora,Oldsmobile,30100.4
Chrysler of Tri-Cities,Avenger,Dodge,26375.0
Chrysler of Tri-Cities,Beetle,Volkswagen,40200.6
Chrysler of Tri-Cities,Bonneville,Pontiac,22183.5
Chrysler of Tri-Cities,Boxter,Porsche,20400.4
Chrysler of Tri-Cities,Bravada,Oldsmobile,27750.5
Chrysler of Tri-Cities,Breeze,Plymouth,23983.5
Chrysler of Tri-Cities,C-Class,Mercedes-B,15278.857142857143
Chrysler of Tri-Cities,C70,Volvo,38800.4
Chrysler of Tri-Cities,CL500,Mercedes-B,22000.0
Chrysler of Tri-Cities,CLK Coupe,Mercedes-B,22000.0
Chrysler of Tri-Cities,CR-V,Honda,22000.333333333332
Chrysler of Tri-Cities,Cabrio,Volkswagen,16250.5
Chrysler of Tri-Cities,Camaro,Chevrolet,20500.0
Chrysler of Tri-Cities,Camry,Toyota,31100.0
Chrysler of Tri-Cities,Caravan,Dodge,23333.666666666668
Chrysler of Tri-Cities,Carrera Cabrio,Porsche,32167.0
Chrysler of Tri-Cities,Carrera Coupe,Porsche,19500.5
Chrysler of Tri-Cities,Catera,Cadillac,57998.5
Chrysler of Tri-Cities,Cavalier,Chevrolet,20028.714285714286
Chrysler of Tri-Cities,Celica,Toyota,22586.0
Chrysler of Tri-Cities,Century,Buick,17001.0
Chrysler of Tri-Cities,Cherokee,Jeep,28833.666666666668
Chrysler of Tri-Cities,Civic,Honda,37700.333333333336
Chrysler of Tri-Cities,Concorde,Chrysler,19666.666666666668
Chrysler of Tri-Cities,Continental,Lincoln,28199.625
Chrysler of Tri-Cities,Contour,Ford,44999.0
Chrysler of Tri-Cities,Corolla,Toyota,31625.5
Chrysler of Tri-Cities,Corvette,Chevrolet,32275.25
Chrysler of Tri-Cities,Cougar,Mercury,28560.2
Chrysler of Tri-Cities,Crown Victoria,Ford,21200.0
Chrysler of Tri-Cities,Cutlass,Oldsmobile,38000.142857142855
Chrysler of Tri-Cities,Dakota,Dodge,16500.0
Chrysler of Tri-Cities,DeVille,Cadillac,22001.0
Chrysler of Tri-Cities,Diamante,Mitsubishi,21611.444444444445
Chrysler of Tri-Cities,Durango,Dodge,22433.555555555555
Chrysler of Tri-Cities,E-Class,Mercedes-B,25667.0
Chrysler of Tri-Cities,ES300,Lexus,27001.0
Chrysler of Tri-Cities,Eclipse,Mitsubishi,26334.0
Chrysler of Tri-Cities,Elantra,Hyundai,23400.0
Chrysler of Tri-Cities,Eldorado,Cadillac,40874.5625
Chrysler of Tri-Cities,Escalade,Cadillac,30000.333333333332
Chrysler of Tri-Cities,Escort,Ford,13500.0
Chrysler of Tri-Cities,Expedition,Ford,20000.5
Chrysler of Tri-Cities,Explorer,Ford,32843.0
Chrysler of Tri-Cities,F-Series,Ford,18200.0
Chrysler of Tri-Cities,Firebird,Pontiac,43000.0
Chrysler of Tri-Cities,Focus,Ford,34950.25
Chrysler of Tri-Cities,Forester,Subaru,24700.0
Chrysler of Tri-Cities,Frontier,Nissan,25750.5
Chrysler of Tri-Cities,GS300,Lexus,17001.0
Chrysler of Tri-Cities,GS400,Lexus,27528.85714285714
Chrysler of Tri-Cities,GTI,Volkswagen,22676.0
Chrysler of Tri-Cities,Galant,Mitsubishi,42434.0
Chrysler of Tri-Cities,Golf,Volkswagen,26000.5
Chrysler of Tri-Cities,Grand Am,Pontiac,12000.0
Chrysler of Tri-Cities,Grand Cherokee,Jeep,22500.333333333332
Chrysler of Tri-Cities,Grand Marquis,Mercury,19374.9375
Chrysler of Tri-Cities,Grand Prix,Pontiac,38999.357142857145
Chrysler of Tri-Cities,I30,Infiniti,35517.0
Chrysler of Tri-Cities,Impala,Chevrolet,21812.75
Chrysler of Tri-Cities,Integra,Acura,45001.0
Chrysler of Tri-Cities,Intrepid,Dodge,21000.5
Chrysler of Tri-Cities,Intrigue,Oldsmobile,32900.25
Chrysler of Tri-Cities,Jetta,Volkswagen,25500.05
Chrysler of Tri-Cities,LHS,Chrysler,29844.666666666668
Chrysler of Tri-Cities,LS,Saturn,48000.5
Chrysler of Tri-Cities,LS400,Lexus,33500.0625
Chrysler of Tri-Cities,LW,Saturn,32766.833333333332
Chrysler of Tri-Cities,LX470,Lexus,19666.666666666668
Chrysler of Tri-Cities,Land Cruiser,Toyota,19000.0
Chrysler of Tri-Cities,Lumina,Chevrolet,12000.0
Chrysler of Tri-Cities,M-Class,Mercedes-B,41400.5
Chrysler of Tri-Cities,Malibu,Chevrolet,48499.5
Chrysler of Tri-Cities,Maxima,Nissan,43500.333333333336
Chrysler of Tri-Cities,Metro,Chevrolet,18114.428571428572
Chrysler of Tri-Cities,Mirage,Mitsubishi,9000.0
Chrysler of Tri-Cities,Monte Carlo,Chevrolet,20834.0
Chrysler of Tri-Cities,Montero,Mitsubishi,16000.0
Chrysler of Tri-Cities,Montero Sport,Mitsubishi,43871.42857142857
Chrysler of Tri-Cities,Mountaineer,Mercury,21000.25
Chrysler of Tri-Cities,Mustang,Ford,30375.25
Chrysler of Tri-Cities,Mystique,Mercury,29050.0
Chrysler of Tri-Cities,Navigator,Lincoln,23758.833333333332
Chrysler of Tri-Cities,Neon,Dodge,19000.0
Chrysler of Tri-Cities,Neon,Plymouth,25500.0
Chrysler of Tri-Cities,Odyssey,Honda,54250.5
Chrysler of Tri-Cities,Outback,Subaru,36500.5
Chrysler of Tri-Cities,Park Avenue,Buick,48465.666666666664
Chrysler of Tri-Cities,Passat,Volkswagen,18600.0
Chrysler of Tri-Cities,Passport,Honda,23500.0
Chrysler of Tri-Cities,Pathfinder,Nissan,45399.1
Chrysler of Tri-Cities,Prizm,Chevrolet,22891.272727272728
Chrysler of Tri-Cities,Prowler,Plymouth,36949.25
Chrysler of Tri-Cities,Quest,Nissan,30250.0
Chrysler of Tri-Cities,RAV4,Toyota,27550.5
Chrysler of Tri-Cities,RL,Acura,22000.333333333332
Chrysler of Tri-Cities,RX300,Lexus,18000.0
Chrysler of Tri-Cities,Ram Pickup,Dodge,25178.714285714286
Chrysler of Tri-Cities,Ram Van,Dodge,39749.5
Chrysler of Tri-Cities,Ram Wagon,Dodge,22212.5
Chrysler of Tri-Cities,Ranger,Ford,31499.625
Chrysler of Tri-Cities,Regal,Buick,19000.0
Chrysler of Tri-Cities,S-Class,Mercedes-B,27437.75
Chrysler of Tri-Cities,S-Type,Jaguar,26750.5
Chrysler of Tri-Cities,S40,Volvo,32085.85714285714
Chrysler of Tri-Cities,S70,Volvo,22166.666666666668
Chrysler of Tri-Cities,S80,Volvo,21000.0
Chrysler of Tri-Cities,SC,Saturn,41532.833333333336
Chrysler of Tri-Cities,SL,Saturn,15500.0
Chrysler of Tri-Cities,SL-Class,Mercedes-B,24200.4
Chrysler of Tri-Cities,SLK,Mercedes-B,22250.0
Chrysler of Tri-Cities,SLK230,Mercedes-B,24633.25
Chrysler of Tri-Cities,SW,Saturn,30600.0
Chrysler of Tri-Cities,Sable,Mercury,41999.25
Chrysler of Tri-Cities,Sebring Coupe,Chrysler,28660.2
Chrysler of Tri-Cities,Seville,Cadillac,44001.0
Chrysler of Tri-Cities,Sienna,Toyota,21666.833333333332
Chrysler of Tri-Cities,Silhouette,Oldsmobile,26750.15
Chrysler of Tri-Cities,Sonata,Hyundai,19000.0
Chrysler of Tri-Cities,Stratus,Dodge,31250.0
Chrysler of Tri-Cities,Sunfire,Pontiac,31333.666666666668
Chrysler of Tri-Cities,TL,Acura,22667.333333333332
Chrysler of Tri-Cities,Tacoma,Toyota,39857.42857142857
Chrysler of Tri-Cities,Taurus,Ford,34999.25
Chrysler of Tri-Cities,Town & Country,Chrysler,42000.0
Chrysler of Tri-Cities,Town car,Lincoln,20400.2
Chrysler of Tri-Cities,V70,Volvo,39000.5
Chrysler of Tri-Cities,Villager,Mercury,19440.2
Chrysler of Tri-Cities,Viper,Dodge,32667.0
Chrysler of Tri-Cities,Voyager,Plymouth,27999.875
Chrysler of Tri-Cities,Windstar,Ford,21500.25
Chrysler of Tri-Cities,Wrangler,Jeep,24600.3
Chrysler of Tri-Cities,Xterra,Nissan,22266.666666666668
Classic Chevy,3-Sep,Saab,33249.875
Classic Chevy,3000GT,Mitsubishi,23750.25
Classic Chevy,300M,Chrysler,20500.0
Classic Chevy,323i,BMW,17233.555555555555
Classic Chevy,328i,BMW,21033.666666666668
Classic Chevy,4Runner,Toyota,30400.5
Classic Chevy,5-Sep,Saab,28000.0
Classic Chevy,528i,BMW,31681.5
Classic Chevy,A4,Audi,12000.0
Classic Chevy,A6,Audi,21333.555555555555
Classic Chevy,A8,Audi,13000.0
Classic Chevy,Accent,Hyundai,18000.0
Classic Chevy,Accord,Honda,26136.636363636364
Classic Chevy,Altima,Nissan,20500.0
Classic Chevy,Aurora,Oldsmobile,34999.625
Classic Chevy,Avenger,Dodge,22000.5
Classic Chevy,Beetle,Volkswagen,45166.666666666664
Classic Chevy,Bonneville,Pontiac,23500.0
Classic Chevy,Boxter,Porsche,20667.0
Classic Chevy,Bravada,Oldsmobile,22571.714285714286
Classic Chevy,Breeze,Plymouth,20000.0
Classic Chevy,C-Class,Mercedes-B,14375.25
Classic Chevy,C70,Volvo,30033.5
Classic Chevy,CL500,Mercedes-B,23850.25
Classic Chevy,CLK Coupe,Mercedes-B,22500.0
Classic Chevy,CR-V,Honda,31001.0
Classic Chevy,Cabrio,Volkswagen,18625.5
Classic Chevy,Camaro,Chevrolet,29001.0
Classic Chevy,Camry,Toyota,31500.0
Classic Chevy,Caravan,Dodge,22840.0
Classic Chevy,Carrera Cabrio,Porsche,32501.0
Classic Chevy,Carrera Coupe,Porsche,19833.666666666668
Classic Chevy,Catera,Cadillac,57998.5
Classic Chevy,Cavalier,Chevrolet,20100.0
Classic Chevy,Celica,Toyota,34750.25
Classic Chevy,Century,Buick,17000.0
Classic Chevy,Cherokee,Jeep,21333.666666666668
Classic Chevy,Cirrus,Chrysler,12250.0
Classic Chevy,Civic,Honda,35000.5
Classic Chevy,Concorde,Chrysler,33762.75
Classic Chevy,Continental,Lincoln,34455.38888888889
Classic Chevy,Contour,Ford,48248.875
Classic Chevy,Corolla,Toyota,36375.75
Classic Chevy,Corvette,Chevrolet,28200.2
Classic Chevy,Cougar,Mercury,29000.0
Classic Chevy,Crown Victoria,Ford,22275.0
Classic Chevy,Cutlass,Oldsmobile,29957.428571428572
Classic Chevy,Dakota,Dodge,18033.333333333332
Classic Chevy,DeVille,Cadillac,57998.5
Classic Chevy,Diamante,Mitsubishi,20625.0625
Classic Chevy,Durango,Dodge,21533.88888888889
Classic Chevy,E-Class,Mercedes-B,23000.5
Classic Chevy,ES300,Lexus,30500.5
Classic Chevy,Eclipse,Mitsubishi,26333.333333333332
Classic Chevy,Elantra,Hyundai,24250.5
Classic Chevy,Eldorado,Cadillac,37274.625
Classic Chevy,Escalade,Cadillac,30000.0
Classic Chevy,Escort,Ford,13833.666666666666
Classic Chevy,Expedition,Ford,20667.0
Classic Chevy,Explorer,Ford,36750.0
Classic Chevy,F-Series,Ford,20416.833333333332
Classic Chevy,Focus,Ford,34333.5
Classic Chevy,Forester,Subaru,23000.4
Classic Chevy,Frontier,Nissan,14033.333333333334
Classic Chevy,GS300,Lexus,51000.0
Classic Chevy,GS400,Lexus,25000.0
Classic Chevy,GTI,Volkswagen,24000.5
Classic Chevy,Galant,Mitsubishi,40200.333333333336
Classic Chevy,Golf,Volkswagen,26250.0
Classic Chevy,Grand Am,Pontiac,16700.333333333332
Classic Chevy,Grand Cherokee,Jeep,21250.0
Classic Chevy,Grand Marquis,Mercury,22849.916666666668
Classic Chevy,Grand Prix,Pontiac,47333.166666666664
Classic Chevy,I30,Infiniti,33400.2
Classic Chevy,Impala,Chevrolet,21500.0
Classic Chevy,Integra,Acura,45000.0
Classic Chevy,Intrepid,Dodge,11001.0
Classic Chevy,Intrigue,Oldsmobile,39000.0
Classic Chevy,Jetta,Volkswagen,34019.7
Classic Chevy,LHS,Chrysler,32622.333333333332
Classic Chevy,LS,Saturn,35917.166666666664
Classic Chevy,LS400,Lexus,40549.5
Classic Chevy,LW,Saturn,16000.2
Classic Chevy,LX470,Lexus,38250.0
Classic Chevy,Land Cruiser,Toyota,19500.5
Classic Chevy,LeSabre,Buick,20350.0
Classic Chevy,Lumina,Chevrolet,42200.5
Classic Chevy,M-Class,Mercedes-B,28033.666666666668
Classic Chevy,Malibu,Chevrolet,20000.666666666668
Classic Chevy,Maxima,Nissan,38000.0
Classic Chevy,Metro,Chevrolet,20333.666666666668
Classic Chevy,Monte Carlo,Chevrolet,23500.5
Classic Chevy,Montero,Mitsubishi,16001.0
Classic Chevy,Montero Sport,Mitsubishi,45667.333333333336
Classic Chevy,Mountaineer,Mercury,21000.333333333332
Classic Chevy,Mustang,Ford,29300.2
Classic Chevy,Navigator,Lincoln,23666.666666666668
Classic Chevy,Neon,Plymouth,26375.25
Classic Chevy,Odyssey,Honda,45166.666666666664
Classic Chevy,Outback,Subaru,38000.5
Classic Chevy,Park Avenue,Buick,38714.142857142855
Classic Chevy,Passat,Volkswagen,18545.909090909092
Classic Chevy,Passport,Honda,19500.0
Classic Chevy,Pathfinder,Nissan,36899.6
Classic Chevy,Prizm,Chevrolet,24615.615384615383
Classic Chevy,Prowler,Plymouth,29000.1
Classic Chevy,Quest,Nissan,19500.0
Classic Chevy,RAV4,Toyota,32250.125
Classic Chevy,RL,Acura,22166.666666666668
Classic Chevy,Ram Pickup,Dodge,31500.272727272728
Classic Chevy,Ram Van,Dodge,34887.5
Classic Chevy,Ram Wagon,Dodge,22000.5
Classic Chevy,Ranger,Ford,25999.9
Classic Chevy,Regal,Buick,29300.2
Classic Chevy,S-Class,Mercedes-B,16750.5
Classic Chevy,S-Type,Jaguar,16500.0
Classic Chevy,S40,Volvo,31500.166666666668
Classic Chevy,S70,Volvo,22333.666666666668
Classic Chevy,S80,Volvo,22800.285714285714
Classic Chevy,SC,Saturn,33250.0
Classic Chevy,SL-Class,Mercedes-B,20366.666666666668
Classic Chevy,SLK,Mercedes-B,17000.0
Classic Chevy,SLK230,Mercedes-B,35999.5
Classic Chevy,SW,Saturn,30500.5
Classic Chevy,Sable,Mercury,43999.4
Classic Chevy,Sebring Coupe,Chrysler,28000.333333333332
Classic Chevy,Sentra,Nissan,16000.0
Classic Chevy,Seville,Cadillac,22800.0
Classic Chevy,Sienna,Toyota,26666.666666666668
Classic Chevy,Silhouette,Oldsmobile,29499.875
Classic Chevy,Sonata,Hyundai,19200.4
Classic Chevy,Stratus,Dodge,31000.0
Classic Chevy,Sunfire,Pontiac,35200.0
Classic Chevy,TL,Acura,24200.0
Classic Chevy,Tacoma,Toyota,42514.57142857143
Classic Chevy,Taurus,Ford,45999.9
Classic Chevy,Town & Country,Chrysler,42001.0
Classic Chevy,Town car,Lincoln,20000.5
Classic Chevy,Villager,Mercury,19778.0
Classic Chevy,Viper,Dodge,28850.4
Classic Chevy,Voyager,Plymouth,28074.625
Classic Chevy,Windstar,Ford,24250.5
Classic Chevy,Wrangler,Jeep,28249.875
Classic Chevy,Xterra,Nissan,31000.0
Clay Johnson Auto Sales,3-Sep,Saab,40182.583333333336
Clay Johnson Auto Sales,3000GT,Mitsubishi,26500.5
Clay Johnson Auto Sales,300M,Chrysler,23625.375
Clay Johnson Auto Sales,323i,BMW,19575.0
Clay Johnson Auto Sales,328i,BMW,21850.5
Clay Johnson Auto Sales,4Runner,Toyota,27750.5
Clay Johnson Auto Sales,528i,BMW,30656.714285714286
Clay Johnson Auto Sales,A4,Audi,19500.5
Clay Johnson Auto Sales,A6,Audi,22727.545454545456
Clay Johnson Auto Sales,A8,Audi,44250.0
Clay Johnson Auto Sales,Accord,Honda,43000.0
Clay Johnson Auto Sales,Altima,Nissan,20900.0
Clay Johnson Auto Sales,Avenger,Dodge,25666.666666666668
Clay Johnson Auto Sales,Beetle,Volkswagen,39000.0
Clay Johnson Auto Sales,Bonneville,Pontiac,17375.25
Clay Johnson Auto Sales,Bravada,Oldsmobile,22728.714285714286
Clay Johnson Auto Sales,Breeze,Plymouth,39001.0
Clay Johnson Auto Sales,C-Class,Mercedes-B,14500.25
Clay Johnson Auto Sales,C70,Volvo,30699.916666666668
Clay Johnson Auto Sales,CL500,Mercedes-B,26833.333333333332
Clay Johnson Auto Sales,CLK Coupe,Mercedes-B,22000.0
Clay Johnson Auto Sales,CR-V,Honda,24333.333333333332
Clay Johnson Auto Sales,Cabrio,Volkswagen,16666.666666666668
Clay Johnson Auto Sales,Camaro,Chevrolet,26775.5
Clay Johnson Auto Sales,Camry,Toyota,31250.5
Clay Johnson Auto Sales,Caravan,Dodge,19001.0
Clay Johnson Auto Sales,Carrera Cabrio,Porsche,20666.666666666668
Clay Johnson Auto Sales,Carrera Coupe,Porsche,23500.666666666668
Clay Johnson Auto Sales,Catera,Cadillac,38000.166666666664
Clay Johnson Auto Sales,Cavalier,Chevrolet,20250.0
Clay Johnson Auto Sales,Celica,Toyota,29000.0
Clay Johnson Auto Sales,Century,Buick,17000.5
Clay Johnson Auto Sales,Cherokee,Jeep,36001.0
Clay Johnson Auto Sales,Cirrus,Chrysler,12001.0
Clay Johnson Auto Sales,Civic,Honda,39800.2
Clay Johnson Auto Sales,Concorde,Chrysler,32400.0
Clay Johnson Auto Sales,Continental,Lincoln,34312.4375
Clay Johnson Auto Sales,Contour,Ford,28749.875
Clay Johnson Auto Sales,Corolla,Toyota,14000.0
Clay Johnson Auto Sales,Corvette,Chevrolet,32700.6
Clay Johnson Auto Sales,Cougar,Mercury,29586.0
Clay Johnson Auto Sales,Crown Victoria,Ford,26000.166666666668
Clay Johnson Auto Sales,Cutlass,Oldsmobile,37840.0
Clay Johnson Auto Sales,Dakota,Dodge,21000.0
Clay Johnson Auto Sales,DeVille,Cadillac,57998.5
Clay Johnson Auto Sales,Diamante,Mitsubishi,21545.81818181818
Clay Johnson Auto Sales,Durango,Dodge,19666.833333333332
Clay Johnson Auto Sales,E-Class,Mercedes-B,27000.0
Clay Johnson Auto Sales,ES300,Lexus,26025.5
Clay Johnson Auto Sales,Eclipse,Mitsubishi,19500.0
Clay Johnson Auto Sales,Elantra,Hyundai,24000.5
Clay Johnson Auto Sales,Eldorado,Cadillac,30937.5625
Clay Johnson Auto Sales,Escalade,Cadillac,30833.333333333332
Clay Johnson Auto Sales,Escort,Ford,12250.25
Clay Johnson Auto Sales,Expedition,Ford,27850.125
Clay Johnson Auto Sales,Explorer,Ford,33437.75
Clay Johnson Auto Sales,F-Series,Ford,13200.0
Clay Johnson Auto Sales,Firebird,Pontiac,43000.0
Clay Johnson Auto Sales,Focus,Ford,17000.0
Clay Johnson Auto Sales,Forester,Subaru,23850.375
Clay Johnson Auto Sales,Frontier,Nissan,25900.2
Clay Johnson Auto Sales,GS300,Lexus,51000.0
Clay Johnson Auto Sales,GS400,Lexus,31000.0
Clay Johnson Auto Sales,GTI,Volkswagen,25610.2
Clay Johnson Auto Sales,Galant,Mitsubishi,36100.0
Clay Johnson Auto Sales,Golf,Volkswagen,17700.333333333332
Clay Johnson Auto Sales,Grand Am,Pontiac,21800.6
Clay Johnson Auto Sales,Grand Cherokee,Jeep,16550.0
Clay Johnson Auto Sales,Grand Marquis,Mercury,37221.833333333336
Clay Johnson Auto Sales,Grand Prix,Pontiac,31399.7
Clay Johnson Auto Sales,I30,Infiniti,37667.0
Clay Johnson Auto Sales,Impala,Chevrolet,14001.0
Clay Johnson Auto Sales,Integra,Acura,45000.0
Clay Johnson Auto Sales,Intrepid,Dodge,11000.5
Clay Johnson Auto Sales,Intrigue,Oldsmobile,41120.0
Clay Johnson Auto Sales,Jetta,Volkswagen,28690.909090909092
Clay Johnson Auto Sales,LHS,Chrysler,25120.0
Clay Johnson Auto Sales,LS,Saturn,14000.0
Clay Johnson Auto Sales,LS400,Lexus,35550.05
Clay Johnson Auto Sales,LW,Saturn,16812.75
Clay Johnson Auto Sales,LX470,Lexus,22250.0
Clay Johnson Auto Sales,Land Cruiser,Toyota,17400.2
Clay Johnson Auto Sales,LeSabre,Buick,20000.5
Clay Johnson Auto Sales,Lumina,Chevrolet,30000.0
Clay Johnson Auto Sales,M-Class,Mercedes-B,41050.0
Clay Johnson Auto Sales,Malibu,Chevrolet,36070.42857142857
Clay Johnson Auto Sales,Maxima,Nissan,25750.5
Clay Johnson Auto Sales,Metro,Chevrolet,23885.85714285714
Clay Johnson Auto Sales,Monte Carlo,Chevrolet,19666.666666666668
Clay Johnson Auto Sales,Montero,Mitsubishi,16000.0
Clay Johnson Auto Sales,Montero Sport,Mitsubishi,32805.0
Clay Johnson Auto Sales,Mountaineer,Mercury,21000.333333333332
Clay Johnson Auto Sales,Mustang,Ford,30560.6
Clay Johnson Auto Sales,Mystique,Mercury,9000.0
Clay Johnson Auto Sales,Navigator,Lincoln,21933.666666666668
Clay Johnson Auto Sales,Neon,Plymouth,29001.0
Clay Johnson Auto Sales,Odyssey,Honda,27000.5
Clay Johnson Auto Sales,Outback,Subaru,32680.2
Clay Johnson Auto Sales,Park Avenue,Buick,26249.625
Clay Johnson Auto Sales,Passat,Volkswagen,18336.071428571428
Clay Johnson Auto Sales,Passport,Honda,24500.0
Clay Johnson Auto Sales,Pathfinder,Nissan,21800.222222222223
Clay Johnson Auto Sales,Prizm,Chevrolet,22633.5
Clay Johnson Auto Sales,Prowler,Plymouth,47499.125
Clay Johnson Auto Sales,Quest,Nissan,21200.666666666668
Clay Johnson Auto Sales,RAV4,Toyota,30299.9
Clay Johnson Auto Sales,RL,Acura,23780.3
Clay Johnson Auto Sales,Ram Pickup,Dodge,37200.125
Clay Johnson Auto Sales,Ram Van,Dodge,32419.4
Clay Johnson Auto Sales,Ram Wagon,Dodge,18000.0
Clay Johnson Auto Sales,Ranger,Ford,38299.75
Clay Johnson Auto Sales,Regal,Buick,33100.0
Clay Johnson Auto Sales,S-Class,Mercedes-B,26499.75
Clay Johnson Auto Sales,S-Type,Jaguar,24083.666666666668
Clay Johnson Auto Sales,S40,Volvo,23357.14285714286
Clay Johnson Auto Sales,S70,Volvo,26500.2
Clay Johnson Auto Sales,S80,Volvo,21000.0
Clay Johnson Auto Sales,SC,Saturn,34333.5
Clay Johnson Auto Sales,SL,Saturn,20500.0
Clay Johnson Auto Sales,SL-Class,Mercedes-B,29750.25
Clay Johnson Auto Sales,SLK,Mercedes-B,27897.88888888889
Clay Johnson Auto Sales,SLK230,Mercedes-B,34500.125
Clay Johnson Auto Sales,SW,Saturn,25000.0
Clay Johnson Auto Sales,Sable,Mercury,41999.75
Clay Johnson Auto Sales,Sebring Coupe,Chrysler,29098.0
Clay Johnson Auto Sales,Sentra,Nissan,16000.0
Clay Johnson Auto Sales,Seville,Cadillac,38625.0
Clay Johnson Auto Sales,Sienna,Toyota,16625.25
Clay Johnson Auto Sales,Silhouette,Oldsmobile,23192.5
Clay Johnson Auto Sales,Sonata,Hyundai,17000.2
Clay Johnson Auto Sales,Stratus,Dodge,31000.0
Clay Johnson Auto Sales,Sunfire,Pontiac,35000.2
Clay Johnson Auto Sales,TL,Acura,20500.1
Clay Johnson Auto Sales,Tacoma,Toyota,45875.0
Clay Johnson Auto Sales,Taurus,Ford,28625.125
Clay Johnson Auto Sales,Town & Country,Chrysler,17000.0
Clay Johnson Auto Sales,Town car,Lincoln,25583.666666666668
Clay Johnson Auto Sales,V40,Volvo,18001.0
Clay Johnson Auto Sales,V70,Volvo,39801.0
Clay Johnson Auto Sales,Villager,Mercury,14625.0
Clay Johnson Auto Sales,Viper,Dodge,31333.5
Clay Johnson Auto Sales,Voyager,Plymouth,30000.125
Clay Johnson Auto Sales,Windstar,Ford,24500.25
Clay Johnson Auto Sales,Wrangler,Jeep,17062.75
Clay Johnson Auto Sales,Xterra,Nissan,9001.0
Diehl Motor CO Inc,3-Sep,Saab,34832.833333333336
Diehl Motor CO Inc,3000GT,Mitsubishi,22400.222222222223
Diehl Motor CO Inc,300M,Chrysler,20000.333333333332
Diehl Motor CO Inc,323i,BMW,17300.222222222223
Diehl Motor CO Inc,328i,BMW,19000.4
Diehl Motor CO Inc,4Runner,Toyota,28667.0
Diehl Motor CO Inc,5-Sep,Saab,28000.5
Diehl Motor CO Inc,528i,BMW,29355.333333333332
Diehl Motor CO Inc,A4,Audi,17266.666666666668
Diehl Motor CO Inc,A6,Audi,21785.85714285714
Diehl Motor CO Inc,A8,Audi,13250.0
Diehl Motor CO Inc,Accent,Hyundai,18000.0
Diehl Motor CO Inc,Accord,Honda,25333.666666666668
Diehl Motor CO Inc,Alero,Oldsmobile,17000.0
Diehl Motor CO Inc,Altima,Nissan,20000.0
Diehl Motor CO Inc,Aurora,Oldsmobile,29083.5
Diehl Motor CO Inc,Avenger,Dodge,30928.714285714286
Diehl Motor CO Inc,Beetle,Volkswagen,21000.0
Diehl Motor CO Inc,Bonneville,Pontiac,19500.375
Diehl Motor CO Inc,Boxter,Porsche,20000.0
Diehl Motor CO Inc,Bravada,Oldsmobile,26671.714285714286
Diehl Motor CO Inc,Breeze,Plymouth,22000.5
Diehl Motor CO Inc,C-Class,Mercedes-B,15040.0
Diehl Motor CO Inc,C70,Volvo,21833.666666666668
Diehl Motor CO Inc,CL500,Mercedes-B,22250.5
Diehl Motor CO Inc,CLK Coupe,Mercedes-B,22250.0
Diehl Motor CO Inc,CR-V,Honda,23700.0
Diehl Motor CO Inc,Cabrio,Volkswagen,18625.0
Diehl Motor CO Inc,Camaro,Chevrolet,24000.0
Diehl Motor CO Inc,Camry,Toyota,32000.0
Diehl Motor CO Inc,Caravan,Dodge,22013.0
Diehl Motor CO Inc,Carrera Cabrio,Porsche,32250.0
Diehl Motor CO Inc,Carrera Coupe,Porsche,19000.166666666668
Diehl Motor CO Inc,Catera,Cadillac,57998.5
Diehl Motor CO Inc,Cavalier,Chevrolet,23200.2
Diehl Motor CO Inc,Celica,Toyota,29625.5
Diehl Motor CO Inc,Century,Buick,17601.0
Diehl Motor CO Inc,Cherokee,Jeep,14000.0
Diehl Motor CO Inc,Cirrus,Chrysler,12000.0
Diehl Motor CO Inc,Civic,Honda,25000.0
Diehl Motor CO Inc,Concorde,Chrysler,31640.4
Diehl Motor CO Inc,Continental,Lincoln,31299.9
Diehl Motor CO Inc,Contour,Ford,38499.25
Diehl Motor CO Inc,Corolla,Toyota,41000.0
Diehl Motor CO Inc,Corvette,Chevrolet,31000.666666666668
Diehl Motor CO Inc,Cougar,Mercury,27700.2
Diehl Motor CO Inc,Crown Victoria,Ford,20000.5
Diehl Motor CO Inc,Cutlass,Oldsmobile,42428.857142857145
Diehl Motor CO Inc,Dakota,Dodge,21501.0
Diehl Motor CO Inc,DeVille,Cadillac,33999.833333333336
Diehl Motor CO Inc,Diamante,Mitsubishi,23750.333333333332
Diehl Motor CO Inc,Durango,Dodge,22000.285714285714
Diehl Motor CO Inc,E-Class,Mercedes-B,23000.0
Diehl Motor CO Inc,ES300,Lexus,30750.0
Diehl Motor CO Inc,Eclipse,Mitsubishi,26333.666666666668
Diehl Motor CO Inc,Elantra,Hyundai,22001.0
Diehl Motor CO Inc,Eldorado,Cadillac,39999.5
Diehl Motor CO Inc,Escalade,Cadillac,32000.333333333332
Diehl Motor CO Inc,Escort,Ford,13001.0
Diehl Motor CO Inc,Expedition,Ford,24050.0
Diehl Motor CO Inc,Explorer,Ford,32624.428571428572
Diehl Motor CO Inc,F-Series,Ford,20450.666666666668
Diehl Motor CO Inc,Firebird,Pontiac,43000.0
Diehl Motor CO Inc,Focus,Ford,36200.2
Diehl Motor CO Inc,Forester,Subaru,21294.0
Diehl Motor CO Inc,Frontier,Nissan,25000.2
Diehl Motor CO Inc,GS300,Lexus,17300.0
Diehl Motor CO Inc,GS400,Lexus,12001.0
Diehl Motor CO Inc,GTI,Volkswagen,22625.0
Diehl Motor CO Inc,Galant,Mitsubishi,39100.5
Diehl Motor CO Inc,Golf,Volkswagen,24400.2
Diehl Motor CO Inc,Grand Am,Pontiac,19214.285714285714
Diehl Motor CO Inc,Grand Cherokee,Jeep,23200.4
Diehl Motor CO Inc,Grand Marquis,Mercury,16003.666666666666
Diehl Motor CO Inc,Grand Prix,Pontiac,40249.625
Diehl Motor CO Inc,I30,Infiniti,28625.0
Diehl Motor CO Inc,Impala,Chevrolet,21500.0
Diehl Motor CO Inc,Intrepid,Dodge,17883.333333333332
Diehl Motor CO Inc,Intrigue,Oldsmobile,33333.333333333336
Diehl Motor CO Inc,Jetta,Volkswagen,30799.95
Diehl Motor CO Inc,LHS,Chrysler,27182.0
Diehl Motor CO Inc,LS,Saturn,34050.333333333336
Diehl Motor CO Inc,LS400,Lexus,35714.357142857145
Diehl Motor CO Inc,LW,Saturn,31125.0
Diehl Motor CO Inc,LX470,Lexus,54000.5
Diehl Motor CO Inc,Land Cruiser,Toyota,22550.0
Diehl Motor CO Inc,LeSabre,Buick,20001.0
Diehl Motor CO Inc,Lumina,Chevrolet,30000.0
Diehl Motor CO Inc,M-Class,Mercedes-B,30100.2
Diehl Motor CO Inc,Malibu,Chevrolet,36750.0
Diehl Motor CO Inc,Maxima,Nissan,38100.5
Diehl Motor CO Inc,Metro,Chevrolet,18333.666666666668
Diehl Motor CO Inc,Monte Carlo,Chevrolet,32500.0
Diehl Motor CO Inc,Montero,Mitsubishi,16125.0
Diehl Motor CO Inc,Montero Sport,Mitsubishi,40625.166666666664
Diehl Motor CO Inc,Mountaineer,Mercury,21000.5
Diehl Motor CO Inc,Mustang,Ford,26500.5
Diehl Motor CO Inc,Mystique,Mercury,22500.0
Diehl Motor CO Inc,Navigator,Lincoln,23667.0
Diehl Motor CO Inc,Neon,Dodge,19250.5
Diehl Motor CO Inc,Neon,Plymouth,22929.0
Diehl Motor CO Inc,Odyssey,Honda,36000.666666666664
Diehl Motor CO Inc,Outback,Subaru,34150.0
Diehl Motor CO Inc,Park Avenue,Buick,37714.357142857145
Diehl Motor CO Inc,Passat,Volkswagen,14000.333333333334
Diehl Motor CO Inc,Passport,Honda,24240.2
Diehl Motor CO Inc,Pathfinder,Nissan,30624.875
Diehl Motor CO Inc,Prizm,Chevrolet,24906.25
Diehl Motor CO Inc,Prowler,Plymouth,19533.333333333332
Diehl Motor CO Inc,RAV4,Toyota,35999.833333333336
Diehl Motor CO Inc,RL,Acura,25428.85714285714
Diehl Motor CO Inc,Ram Pickup,Dodge,25683.666666666668
Diehl Motor CO Inc,Ram Van,Dodge,38599.6
Diehl Motor CO Inc,Ranger,Ford,18000.5
Diehl Motor CO Inc,Regal,Buick,32500.5
Diehl Motor CO Inc,S-Class,Mercedes-B,35285.57142857143
Diehl Motor CO Inc,S-Type,Jaguar,21250.25
Diehl Motor CO Inc,S40,Volvo,33625.125
Diehl Motor CO Inc,S70,Volvo,24250.25
Diehl Motor CO Inc,S80,Volvo,23000.5
Diehl Motor CO Inc,SC,Saturn,41333.166666666664
Diehl Motor CO Inc,SL,Saturn,20500.0
Diehl Motor CO Inc,SL-Class,Mercedes-B,21583.5
Diehl Motor CO Inc,SLK,Mercedes-B,33000.0
Diehl Motor CO Inc,SLK230,Mercedes-B,29749.875
Diehl Motor CO Inc,SW,Saturn,25000.0
Diehl Motor CO Inc,Sable,Mercury,42187.5
Diehl Motor CO Inc,Sebring Coupe,Chrysler,25120.0
Diehl Motor CO Inc,Sentra,Nissan,16500.0
Diehl Motor CO Inc,Seville,Cadillac,19875.0
Diehl Motor CO Inc,Sienna,Toyota,26900.4
Diehl Motor CO Inc,Silhouette,Oldsmobile,33390.59090909091
Diehl Motor CO Inc,Sonata,Hyundai,16750.0
Diehl Motor CO Inc,Stratus,Dodge,28050.0
Diehl Motor CO Inc,Sunfire,Pontiac,33071.71428571428
Diehl Motor CO Inc,TL,Acura,24833.666666666668
Diehl Motor CO Inc,Tacoma,Toyota,38500.25
Diehl Motor CO Inc,Taurus,Ford,33874.625
Diehl Motor CO Inc,Town car,Lincoln,17500.333333333332
Diehl Motor CO Inc,V40,Volvo,18000.0
Diehl Motor CO Inc,V70,Volvo,39000.0
Diehl Motor CO Inc,Villager,Mercury,19142.166666666668
Diehl Motor CO Inc,Viper,Dodge,29125.375
Diehl Motor CO Inc,Voyager,Plymouth,33041.333333333336
Diehl Motor CO Inc,Windstar,Ford,21850.5
Diehl Motor CO Inc,Wrangler,Jeep,19000.0
Diehl Motor CO Inc,Xterra,Nissan,28500.0
Enterprise Rent A Car,3-Sep,Saab,43599.1
Enterprise Rent A Car,3000GT,Mitsubishi,22690.1
Enterprise Rent A Car,300M,Chrysler,22714.571428571428
Enterprise Rent A Car,323i,BMW,18866.833333333332
Enterprise Rent A Car,328i,BMW,18314.428571428572
Enterprise Rent A Car,528i,BMW,40936.75
Enterprise Rent A Car,A4,Audi,27000.5
Enterprise Rent A Car,A6,Audi,20492.423076923078
Enterprise Rent A Car,Accent,Hyundai,18250.0
Enterprise Rent A Car,Accord,Honda,33500.666666666664
Enterprise Rent A Car,Altima,Nissan,21000.0
Enterprise Rent A Car,Aurora,Oldsmobile,40999.25
Enterprise Rent A Car,Avalon,Toyota,18000.5
Enterprise Rent A Car,Avenger,Dodge,30500.5
Enterprise Rent A Car,Beetle,Volkswagen,21000.0
Enterprise Rent A Car,Bonneville,Pontiac,22950.285714285714
Enterprise Rent A Car,Bravada,Oldsmobile,24500.25
Enterprise Rent A Car,Breeze,Plymouth,39000.0
Enterprise Rent A Car,C-Class,Mercedes-B,14333.666666666666
Enterprise Rent A Car,C70,Volvo,23999.944444444445
Enterprise Rent A Car,CL500,Mercedes-B,22000.0
Enterprise Rent A Car,CR-V,Honda,16240.2
Enterprise Rent A Car,Cabrio,Volkswagen,16833.333333333332
Enterprise Rent A Car,Camaro,Chevrolet,41401.0
Enterprise Rent A Car,Camry,Toyota,31940.2
Enterprise Rent A Car,Caravan,Dodge,32400.2
Enterprise Rent A Car,Carrera Cabrio,Porsche,26033.333333333332
Enterprise Rent A Car,Carrera Coupe,Porsche,22167.0
Enterprise Rent A Car,Cavalier,Chevrolet,19000.25
Enterprise Rent A Car,Celica,Toyota,18250.0
Enterprise Rent A Car,Century,Buick,17000.0
Enterprise Rent A Car,Cherokee,Jeep,25250.0
Enterprise Rent A Car,Civic,Honda,35800.0
Enterprise Rent A Car,Concorde,Chrysler,31328.714285714286
Enterprise Rent A Car,Continental,Lincoln,37500.07142857143
Enterprise Rent A Car,Contour,Ford,57998.5
Enterprise Rent A Car,Corolla,Toyota,26125.5
Enterprise Rent A Car,Corvette,Chevrolet,34944.666666666664
Enterprise Rent A Car,Cougar,Mercury,33250.0
Enterprise Rent A Car,Crown Victoria,Ford,25560.4
Enterprise Rent A Car,Cutlass,Oldsmobile,30675.5
Enterprise Rent A Car,Dakota,Dodge,21000.0
Enterprise Rent A Car,DeVille,Cadillac,22500.0
Enterprise Rent A Car,Diamante,Mitsubishi,23661.76923076923
Enterprise Rent A Car,Durango,Dodge,23083.666666666668
Enterprise Rent A Car,E-Class,Mercedes-B,23000.0
Enterprise Rent A Car,ES300,Lexus,25833.333333333332
Enterprise Rent A Car,Eclipse,Mitsubishi,19500.0
Enterprise Rent A Car,Elantra,Hyundai,26000.0
Enterprise Rent A Car,Eldorado,Cadillac,39874.875
Enterprise Rent A Car,Escalade,Cadillac,31450.0
Enterprise Rent A Car,Expedition,Ford,22389.222222222223
Enterprise Rent A Car,Explorer,Ford,34928.71428571428
Enterprise Rent A Car,F-Series,Ford,13666.666666666666
Enterprise Rent A Car,Firebird,Pontiac,43167.333333333336
Enterprise Rent A Car,Focus,Ford,34875.25
Enterprise Rent A Car,Forester,Subaru,22857.14285714286
Enterprise Rent A Car,Frontier,Nissan,20000.428571428572
Enterprise Rent A Car,GS300,Lexus,51000.5
Enterprise Rent A Car,GS400,Lexus,21500.166666666668
Enterprise Rent A Car,GTI,Volkswagen,24000.0
Enterprise Rent A Car,Galant,Mitsubishi,36250.0
Enterprise Rent A Car,Golf,Volkswagen,20500.666666666668
Enterprise Rent A Car,Grand Am,Pontiac,21400.666666666668
Enterprise Rent A Car,Grand Cherokee,Jeep,15000.5
Enterprise Rent A Car,Grand Marquis,Mercury,31000.214285714286
Enterprise Rent A Car,Grand Prix,Pontiac,26799.7
Enterprise Rent A Car,I30,Infiniti,32500.333333333332
Enterprise Rent A Car,Impala,Chevrolet,14000.0
Enterprise Rent A Car,Integra,Acura,45250.5
Enterprise Rent A Car,Intrepid,Dodge,11000.0
Enterprise Rent A Car,Intrigue,Oldsmobile,34334.0
Enterprise Rent A Car,Jetta,Volkswagen,31555.5
Enterprise Rent A Car,LHS,Chrysler,30600.2
Enterprise Rent A Car,LS,Saturn,47166.666666666664
Enterprise Rent A Car,LS400,Lexus,38250.0625
Enterprise Rent A Car,LW,Saturn,16000.4
Enterprise Rent A Car,LX470,Lexus,43433.333333333336
Enterprise Rent A Car,LeSabre,Buick,20000.0
Enterprise Rent A Car,Lumina,Chevrolet,21785.714285714286
Enterprise Rent A Car,M-Class,Mercedes-B,29750.0
Enterprise Rent A Car,Malibu,Chevrolet,39785.78571428572
Enterprise Rent A Car,Maxima,Nissan,20000.333333333332
Enterprise Rent A Car,Metro,Chevrolet,22800.166666666668
Enterprise Rent A Car,Monte Carlo,Chevrolet,27125.25
Enterprise Rent A Car,Montero,Mitsubishi,16001.0
Enterprise Rent A Car,Montero Sport,Mitsubishi,35620.8
Enterprise Rent A Car,Mountaineer,Mercury,21000.0
Enterprise Rent A Car,Mustang,Ford,38500.0
Enterprise Rent A Car,Mystique,Mercury,9000.0
Enterprise Rent A Car,Navigator,Lincoln,30000.5
Enterprise Rent A Car,Neon,Dodge,19000.0
Enterprise Rent A Car,Neon,Plymouth,23250.0
Enterprise Rent A Car,Odyssey,Honda,27001.0
Enterprise Rent A Car,Outback,Subaru,43500.25
Enterprise Rent A Car,Park Avenue,Buick,27799.9
Enterprise Rent A Car,Passat,Volkswagen,23000.454545454544
Enterprise Rent A Car,Passport,Honda,23833.333333333332
Enterprise Rent A Car,Pathfinder,Nissan,28562.75
Enterprise Rent A Car,Prizm,Chevrolet,23812.75
Enterprise Rent A Car,Prowler,Plymouth,26124.625
Enterprise Rent A Car,Quest,Nissan,15500.0
Enterprise Rent A Car,RAV4,Toyota,25360.2
Enterprise Rent A Car,RL,Acura,22670.5
Enterprise Rent A Car,RX300,Lexus,18000.0
Enterprise Rent A Car,Ram Pickup,Dodge,30400.30769230769
Enterprise Rent A Car,Ram Van,Dodge,30074.625
Enterprise Rent A Car,Ram Wagon,Dodge,20167.0
Enterprise Rent A Car,Ranger,Ford,37999.25
Enterprise Rent A Car,Regal,Buick,34867.666666666664
Enterprise Rent A Car,S-Class,Mercedes-B,29499.85714285714
Enterprise Rent A Car,S-Type,Jaguar,28017.0
Enterprise Rent A Car,S40,Volvo,23906.375
Enterprise Rent A Car,S70,Volvo,26133.666666666668
Enterprise Rent A Car,S80,Volvo,21500.0
Enterprise Rent A Car,SC,Saturn,38799.8
Enterprise Rent A Car,SL,Saturn,20601.0
Enterprise Rent A Car,SL-Class,Mercedes-B,29000.0
Enterprise Rent A Car,SLK,Mercedes-B,25167.166666666668
Enterprise Rent A Car,SLK230,Mercedes-B,35166.5
Enterprise Rent A Car,SW,Saturn,25000.0
Enterprise Rent A Car,Sable,Mercury,43999.4
Enterprise Rent A Car,Sebring Conv.,Chrysler,16500.0
Enterprise Rent A Car,Sebring Coupe,Chrysler,27890.25
Enterprise Rent A Car,Sentra,Nissan,16000.0
Enterprise Rent A Car,Seville,Cadillac,22001.0
Enterprise Rent A Car,Sienna,Toyota,15750.5
Enterprise Rent A Car,Silhouette,Oldsmobile,33019.75
Enterprise Rent A Car,Sonata,Hyundai,17500.25
Enterprise Rent A Car,Stratus,Dodge,29000.0
Enterprise Rent A Car,Sunfire,Pontiac,34833.666666666664
Enterprise Rent A Car,TL,Acura,21813.0
Enterprise Rent A Car,Tacoma,Toyota,42400.1
Enterprise Rent A Car,Taurus,Ford,37832.833333333336
Enterprise Rent A Car,Town car,Lincoln,28333.333333333332
Enterprise Rent A Car,Villager,Mercury,28000.0
Enterprise Rent A Car,Viper,Dodge,32000.25
Enterprise Rent A Car,Voyager,Plymouth,30249.625
Enterprise Rent A Car,Windstar,Ford,22333.666666666668
Enterprise Rent A Car,Wrangler,Jeep,19500.2
Findlay Hyundai St. George,Palisade Calligraphy,Hyundai,43600.0
Gartner Buick Hyundai Saab,3-Sep,Saab,19667.0
Gartner Buick Hyundai Saab,3000GT,Mitsubishi,20416.833333333332
Gartner Buick Hyundai Saab,300M,Chrysler,20118.875
Gartner Buick Hyundai Saab,323i,BMW,16557.285714285714
Gartner Buick Hyundai Saab,328i,BMW,26399.9
Gartner Buick Hyundai Saab,4Runner,Toyota,25250.0
Gartner Buick Hyundai Saab,528i,BMW,30333.222222222223
Gartner Buick Hyundai Saab,A4,Audi,27001.0
Gartner Buick Hyundai Saab,A6,Audi,19029.0
Gartner Buick Hyundai Saab,Accord,Honda,26500.25
Gartner Buick Hyundai Saab,Alero,Oldsmobile,17201.0
Gartner Buick Hyundai Saab,Altima,Nissan,20300.2
Gartner Buick Hyundai Saab,Aurora,Oldsmobile,27567.0
Gartner Buick Hyundai Saab,Avenger,Dodge,20000.0
Gartner Buick Hyundai Saab,Beetle,Volkswagen,35620.0
Gartner Buick Hyundai Saab,Bonneville,Pontiac,24089.0
Gartner Buick Hyundai Saab,Boxter,Porsche,23233.666666666668
Gartner Buick Hyundai Saab,Bravada,Oldsmobile,26571.714285714286
Gartner Buick Hyundai Saab,Breeze,Plymouth,20000.0
Gartner Buick Hyundai Saab,C-Class,Mercedes-B,13587.75
Gartner Buick Hyundai Saab,C70,Volvo,28500.5
Gartner Buick Hyundai Saab,CL500,Mercedes-B,24333.333333333332
Gartner Buick Hyundai Saab,CLK Coupe,Mercedes-B,22000.0
Gartner Buick Hyundai Saab,CR-V,Honda,21667.0
Gartner Buick Hyundai Saab,Cabrio,Volkswagen,19333.333333333332
Gartner Buick Hyundai Saab,Camaro,Chevrolet,32500.5
Gartner Buick Hyundai Saab,Camry,Toyota,32334.0
Gartner Buick Hyundai Saab,Caravan,Dodge,22500.4
Gartner Buick Hyundai Saab,Carrera Cabrio,Porsche,27001.0
Gartner Buick Hyundai Saab,Carrera Coupe,Porsche,19500.333333333332
Gartner Buick Hyundai Saab,Catera,Cadillac,57998.5
Gartner Buick Hyundai Saab,Cavalier,Chevrolet,20020.0
Gartner Buick Hyundai Saab,Celica,Toyota,26483.666666666668
Gartner Buick Hyundai Saab,Cherokee,Jeep,21333.333333333332
Gartner Buick Hyundai Saab,Cirrus,Chrysler,12000.0
Gartner Buick Hyundai Saab,Civic,Honda,45000.0
Gartner Buick Hyundai Saab,Concorde,Chrysler,32100.5
Gartner Buick Hyundai Saab,Continental,Lincoln,32199.9
Gartner Buick Hyundai Saab,Contour,Ford,44999.0
Gartner Buick Hyundai Saab,Corolla,Toyota,22000.0
Gartner Buick Hyundai Saab,Corvette,Chevrolet,33000.2
Gartner Buick Hyundai Saab,Cougar,Mercury,27750.25
Gartner Buick Hyundai Saab,Crown Victoria,Ford,23775.25
Gartner Buick Hyundai Saab,Cutlass,Oldsmobile,43500.5
Gartner Buick Hyundai Saab,Dakota,Dodge,12000.0
Gartner Buick Hyundai Saab,DeVille,Cadillac,57998.5
Gartner Buick Hyundai Saab,Diamante,Mitsubishi,22182.090909090908
Gartner Buick Hyundai Saab,Durango,Dodge,22250.25
Gartner Buick Hyundai Saab,E-Class,Mercedes-B,31001.0
Gartner Buick Hyundai Saab,Eclipse,Mitsubishi,25000.0
Gartner Buick Hyundai Saab,Elantra,Hyundai,23334.0
Gartner Buick Hyundai Saab,Eldorado,Cadillac,48665.666666666664
Gartner Buick Hyundai Saab,Escalade,Cadillac,32900.4
Gartner Buick Hyundai Saab,Expedition,Ford,18125.5
Gartner Buick Hyundai Saab,Explorer,Ford,41000.0
Gartner Buick Hyundai Saab,F-Series,Ford,21875.5
Gartner Buick Hyundai Saab,Firebird,Pontiac,43600.0
Gartner Buick Hyundai Saab,Focus,Ford,30167.0
Gartner Buick Hyundai Saab,Forester,Subaru,29840.2
Gartner Buick Hyundai Saab,Frontier,Nissan,36500.25
Gartner Buick Hyundai Saab,GS300,Lexus,17000.0
Gartner Buick Hyundai Saab,GS400,Lexus,34500.0
Gartner Buick Hyundai Saab,GTI,Volkswagen,24000.2
Gartner Buick Hyundai Saab,Galant,Mitsubishi,42500.0
Gartner Buick Hyundai Saab,Golf,Volkswagen,35250.0
Gartner Buick Hyundai Saab,Grand Am,Pontiac,19000.0
Gartner Buick Hyundai Saab,Grand Cherokee,Jeep,36001.0
Gartner Buick Hyundai Saab,Grand Marquis,Mercury,20222.277777777777
Gartner Buick Hyundai Saab,Grand Prix,Pontiac,31999.833333333332
Gartner Buick Hyundai Saab,I30,Infiniti,31375.25
Gartner Buick Hyundai Saab,Impala,Chevrolet,21667.0
Gartner Buick Hyundai Saab,Integra,Acura,45125.25
Gartner Buick Hyundai Saab,Intrepid,Dodge,31000.333333333332
Gartner Buick Hyundai Saab,Intrigue,Oldsmobile,30375.0
Gartner Buick Hyundai Saab,Jetta,Volkswagen,33099.916666666664
Gartner Buick Hyundai Saab,LHS,Chrysler,23357.428571428572
Gartner Buick Hyundai Saab,LS,Saturn,38416.666666666664
Gartner Buick Hyundai Saab,LS400,Lexus,34666.333333333336
Gartner Buick Hyundai Saab,LW,Saturn,26750.5
Gartner Buick Hyundai Saab,LX470,Lexus,18500.0
Gartner Buick Hyundai Saab,Land Cruiser,Toyota,15000.333333333334
Gartner Buick Hyundai Saab,LeSabre,Buick,20001.0
Gartner Buick Hyundai Saab,Lumina,Chevrolet,42101.0
Gartner Buick Hyundai Saab,M-Class,Mercedes-B,37125.25
Gartner Buick Hyundai Saab,Malibu,Chevrolet,39249.666666666664
Gartner Buick Hyundai Saab,Maxima,Nissan,38000.0
Gartner Buick Hyundai Saab,Metro,Chevrolet,20300.4
Gartner Buick Hyundai Saab,Mirage,Mitsubishi,9000.0
Gartner Buick Hyundai Saab,Monte Carlo,Chevrolet,30550.6
Gartner Buick Hyundai Saab,Montero,Mitsubishi,16220.2
Gartner Buick Hyundai Saab,Montero Sport,Mitsubishi,41000.0
Gartner Buick Hyundai Saab,Mountaineer,Mercury,21050.0
Gartner Buick Hyundai Saab,Mustang,Ford,29100.0
Gartner Buick Hyundai Saab,Mystique,Mercury,9001.0
Gartner Buick Hyundai Saab,Navigator,Lincoln,23833.666666666668
Gartner Buick Hyundai Saab,Neon,Dodge,19500.0
Gartner Buick Hyundai Saab,Neon,Plymouth,22800.5
Gartner Buick Hyundai Saab,Odyssey,Honda,40500.5
Gartner Buick Hyundai Saab,Outback,Subaru,43625.0
Gartner Buick Hyundai Saab,Park Avenue,Buick,57998.5
Gartner Buick Hyundai Saab,Passat,Volkswagen,20390.3
Gartner Buick Hyundai Saab,Passport,Honda,24000.0
Gartner Buick Hyundai Saab,Pathfinder,Nissan,38499.5
Gartner Buick Hyundai Saab,Prizm,Chevrolet,26433.666666666668
Gartner Buick Hyundai Saab,Prowler,Plymouth,29000.125
Gartner Buick Hyundai Saab,Quest,Nissan,27820.2
Gartner Buick Hyundai Saab,RAV4,Toyota,37699.4
Gartner Buick Hyundai Saab,RL,Acura,22483.416666666668
Gartner Buick Hyundai Saab,Ram Pickup,Dodge,25609.363636363636
Gartner Buick Hyundai Saab,Ram Van,Dodge,37999.6
Gartner Buick Hyundai Saab,Ram Wagon,Dodge,22125.25
Gartner Buick Hyundai Saab,Ranger,Ford,32499.666666666668
Gartner Buick Hyundai Saab,Regal,Buick,25200.25
Gartner Buick Hyundai Saab,S-Class,Mercedes-B,15000.0
Gartner Buick Hyundai Saab,S-Type,Jaguar,21000.333333333332
Gartner Buick Hyundai Saab,S40,Volvo,26437.75
Gartner Buick Hyundai Saab,S70,Volvo,24000.25
Gartner Buick Hyundai Saab,S80,Volvo,25000.0
Gartner Buick Hyundai Saab,SC,Saturn,45749.25
Gartner Buick Hyundai Saab,SL,Saturn,15500.5
Gartner Buick Hyundai Saab,SL-Class,Mercedes-B,23000.666666666668
Gartner Buick Hyundai Saab,SLK,Mercedes-B,30250.166666666668
Gartner Buick Hyundai Saab,SLK230,Mercedes-B,18875.5
Gartner Buick Hyundai Saab,SW,Saturn,30700.25
Gartner Buick Hyundai Saab,Sable,Mercury,43428.21428571428
Gartner Buick Hyundai Saab,Sebring Coupe,Chrysler,23986.0
Gartner Buick Hyundai Saab,Seville,Cadillac,31750.0
Gartner Buick Hyundai Saab,Sienna,Toyota,21683.5
Gartner Buick Hyundai Saab,Silhouette,Oldsmobile,29009.8
Gartner Buick Hyundai Saab,Sonata,Hyundai,19200.0
Gartner Buick Hyundai Saab,Stratus,Dodge,27000.0
Gartner Buick Hyundai Saab,Sunfire,Pontiac,30667.0
Gartner Buick Hyundai Saab,TL,Acura,22714.428571428572
Gartner Buick Hyundai Saab,Tacoma,Toyota,47333.333333333336
Gartner Buick Hyundai Saab,Taurus,Ford,23666.166666666668
Gartner Buick Hyundai Saab,Town car,Lincoln,17500.333333333332
Gartner Buick Hyundai Saab,V40,Volvo,18900.0
Gartner Buick Hyundai Saab,V70,Volvo,39000.0
Gartner Buick Hyundai Saab,Villager,Mercury,22750.166666666668
Gartner Buick Hyundai Saab,Viper,Dodge,32889.22222222222
Gartner Buick Hyundai Saab,Voyager,Plymouth,27999.7
Gartner Buick Hyundai Saab,Windstar,Ford,18333.333333333332
Gartner Buick Hyundai Saab,Wrangler,Jeep,16000.5
Gartner Buick Hyundai Saab,Xterra,Nissan,23000.0
Halladay Buick GMC,Escalade ESV Premium Luxury Platinum,Cadillac,87995.0
Hatfield Volkswagen,3-Sep,Saab,39170.92857142857
Hatfield Volkswagen,3000GT,Mitsubishi,19378.0
Hatfield Volkswagen,300M,Chrysler,21500.285714285714
Hatfield Volkswagen,323i,BMW,18572.14285714286
Hatfield Volkswagen,328i,BMW,26999.625
Hatfield Volkswagen,4Runner,Toyota,35000.0
Hatfield Volkswagen,5-Sep,Saab,28000.0
Hatfield Volkswagen,528i,BMW,28609.045454545456
Hatfield Volkswagen,A4,Audi,21260.0
Hatfield Volkswagen,A6,Audi,23593.8125
Hatfield Volkswagen,A8,Audi,33666.666666666664
Hatfield Volkswagen,Accent,Hyundai,18001.0
Hatfield Volkswagen,Accord,Honda,25333.333333333332
Hatfield Volkswagen,Altima,Nissan,21001.0
Hatfield Volkswagen,Aurora,Oldsmobile,40999.75
Hatfield Volkswagen,Avalon,Toyota,18000.0
Hatfield Volkswagen,Avenger,Dodge,19000.0
Hatfield Volkswagen,Beetle,Volkswagen,37166.666666666664
Hatfield Volkswagen,Bonneville,Pontiac,19000.0
Hatfield Volkswagen,Boxter,Porsche,14000.0
Hatfield Volkswagen,Bravada,Oldsmobile,22730.2
Hatfield Volkswagen,Breeze,Plymouth,39000.25
Hatfield Volkswagen,C-Class,Mercedes-B,16000.333333333334
Hatfield Volkswagen,C70,Volvo,35375.375
Hatfield Volkswagen,CL500,Mercedes-B,27600.4
Hatfield Volkswagen,CR-V,Honda,28214.285714285714
Hatfield Volkswagen,Cabrio,Volkswagen,18360.2
Hatfield Volkswagen,Camaro,Chevrolet,29000.5
Hatfield Volkswagen,Camry,Toyota,31000.428571428572
Hatfield Volkswagen,Caravan,Dodge,28333.333333333332
Hatfield Volkswagen,Carrera Cabrio,Porsche,23000.4
Hatfield Volkswagen,Carrera Coupe,Porsche,21750.166666666668
Hatfield Volkswagen,Catera,Cadillac,35674.625
Hatfield Volkswagen,Cavalier,Chevrolet,17200.0
Hatfield Volkswagen,Celica,Toyota,23333.666666666668
Hatfield Volkswagen,Century,Buick,17001.0
Hatfield Volkswagen,Cherokee,Jeep,14000.0
Hatfield Volkswagen,Cirrus,Chrysler,12000.0
Hatfield Volkswagen,Civic,Honda,38750.25
Hatfield Volkswagen,Concorde,Chrysler,32000.25
Hatfield Volkswagen,Continental,Lincoln,40399.9
Hatfield Volkswagen,Contour,Ford,32033.166666666668
Hatfield Volkswagen,Corolla,Toyota,18000.0
Hatfield Volkswagen,Corvette,Chevrolet,33077.230769230766
Hatfield Volkswagen,Cougar,Mercury,31275.25
Hatfield Volkswagen,Crown Victoria,Ford,29000.0
Hatfield Volkswagen,Cutlass,Oldsmobile,35750.25
Hatfield Volkswagen,DeVille,Cadillac,22000.0
Hatfield Volkswagen,Diamante,Mitsubishi,21950.285714285714
Hatfield Volkswagen,Durango,Dodge,24429.0
Hatfield Volkswagen,E-Class,Mercedes-B,25833.666666666668
Hatfield Volkswagen,ES300,Lexus,26125.5
Hatfield Volkswagen,Eldorado,Cadillac,45799.2
Hatfield Volkswagen,Escalade,Cadillac,31286.285714285714
Hatfield Volkswagen,Escort,Ford,13001.0
Hatfield Volkswagen,Expedition,Ford,25050.4
Hatfield Volkswagen,Explorer,Ford,34000.444444444445
Hatfield Volkswagen,F-Series,Ford,13500.5
Hatfield Volkswagen,Firebird,Pontiac,43000.0
Hatfield Volkswagen,Focus,Ford,19333.666666666668
Hatfield Volkswagen,Forester,Subaru,21889.11111111111
Hatfield Volkswagen,Frontier,Nissan,32666.666666666668
Hatfield Volkswagen,GS300,Lexus,34000.0
Hatfield Volkswagen,GS400,Lexus,31600.4
Hatfield Volkswagen,GTI,Volkswagen,23875.25
Hatfield Volkswagen,Galant,Mitsubishi,36000.0
Hatfield Volkswagen,Golf,Volkswagen,30000.0
Hatfield Volkswagen,Grand Am,Pontiac,24870.4
Hatfield Volkswagen,Grand Cherokee,Jeep,15000.0
Hatfield Volkswagen,Grand Marquis,Mercury,25243.071428571428
Hatfield Volkswagen,Grand Prix,Pontiac,28749.875
Hatfield Volkswagen,I30,Infiniti,16000.0
Hatfield Volkswagen,Impala,Chevrolet,14000.0
Hatfield Volkswagen,Integra,Acura,45001.0
Hatfield Volkswagen,Intrepid,Dodge,11000.5
Hatfield Volkswagen,Intrigue,Oldsmobile,43000.0
Hatfield Volkswagen,Jetta,Volkswagen,28833.38888888889
Hatfield Volkswagen,LHS,Chrysler,28786.14285714286
Hatfield Volkswagen,LS,Saturn,26333.333333333332
Hatfield Volkswagen,LS400,Lexus,35256.3125
Hatfield Volkswagen,LX470,Lexus,32000.0
Hatfield Volkswagen,Land Cruiser,Toyota,25000.0
Hatfield Volkswagen,LeSabre,Buick,20250.0
Hatfield Volkswagen,Lumina,Chevrolet,23666.833333333332
Hatfield Volkswagen,M-Class,Mercedes-B,25250.0
Hatfield Volkswagen,Malibu,Chevrolet,28375.125
Hatfield Volkswagen,Maxima,Nissan,24666.666666666668
Hatfield Volkswagen,Metro,Chevrolet,28740.3
Hatfield Volkswagen,Monte Carlo,Chevrolet,26750.25
Hatfield Volkswagen,Montero Sport,Mitsubishi,31778.0
Hatfield Volkswagen,Mountaineer,Mercury,21000.0
Hatfield Volkswagen,Mustang,Ford,33166.666666666664
Hatfield Volkswagen,Navigator,Lincoln,19000.0
Hatfield Volkswagen,Neon,Dodge,19500.0
Hatfield Volkswagen,Neon,Plymouth,23900.2
Hatfield Volkswagen,Odyssey,Honda,27001.0
Hatfield Volkswagen,Outback,Subaru,38000.0
Hatfield Volkswagen,Park Avenue,Buick,43286.75
Hatfield Volkswagen,Passat,Volkswagen,22977.777777777777
Hatfield Volkswagen,Pathfinder,Nissan,25833.375
Hatfield Volkswagen,Prizm,Chevrolet,21600.222222222223
Hatfield Volkswagen,Prowler,Plymouth,19333.333333333332
Hatfield Volkswagen,Quest,Nissan,19000.5
Hatfield Volkswagen,RAV4,Toyota,25666.666666666668
Hatfield Volkswagen,RL,Acura,22844.666666666668
Hatfield Volkswagen,RX300,Lexus,18000.0
Hatfield Volkswagen,Ram Pickup,Dodge,22244.777777777777
Hatfield Volkswagen,Ram Van,Dodge,26999.9
Hatfield Volkswagen,Ram Wagon,Dodge,22250.0
Hatfield Volkswagen,Ranger,Ford,33666.166666666664
Hatfield Volkswagen,Regal,Buick,25750.5
Hatfield Volkswagen,S-Class,Mercedes-B,24714.5
Hatfield Volkswagen,S-Type,Jaguar,20100.6
Hatfield Volkswagen,S40,Volvo,18100.0
Hatfield Volkswagen,S70,Volvo,23583.0
Hatfield Volkswagen,S80,Volvo,21000.5
Hatfield Volkswagen,SC,Saturn,34000.125
Hatfield Volkswagen,SL,Saturn,21300.5
Hatfield Volkswagen,SL-Class,Mercedes-B,35000.25
Hatfield Volkswagen,SLK,Mercedes-B,28987.11111111111
Hatfield Volkswagen,SLK230,Mercedes-B,45749.25
Hatfield Volkswagen,SW,Saturn,30500.0
Hatfield Volkswagen,Sable,Mercury,32600.0
Hatfield Volkswagen,Sebring Coupe,Chrysler,26571.428571428572
Hatfield Volkswagen,Sentra,Nissan,16000.5
Hatfield Volkswagen,Seville,Cadillac,36833.666666666664
Hatfield Volkswagen,Sienna,Toyota,14350.0
Hatfield Volkswagen,Silhouette,Oldsmobile,31562.0625
Hatfield Volkswagen,Sonata,Hyundai,18150.0
Hatfield Volkswagen,Stratus,Dodge,28000.0
Hatfield Volkswagen,Sunfire,Pontiac,31887.625
Hatfield Volkswagen,TL,Acura,23857.428571428572
Hatfield Volkswagen,Tacoma,Toyota,40999.25
Hatfield Volkswagen,Taurus,Ford,45249.25
Hatfield Volkswagen,Town & Country,Chrysler,17250.0
Hatfield Volkswagen,Town car,Lincoln,25625.25
Hatfield Volkswagen,Villager,Mercury,14735.5
Hatfield Volkswagen,Viper,Dodge,28800.2
Hatfield Volkswagen,Voyager,Plymouth,20717.0
Hatfield Volkswagen,Windstar,Ford,22666.833333333332
Hatfield Volkswagen,Wrangler,Jeep,18000.222222222223
Hatfield Volkswagen,Xterra,Nissan,17500.0
Iceberg Rentals,3-Sep,Saab,33874.625
Iceberg Rentals,3000GT,Mitsubishi,20640.1
Iceberg Rentals,300M,Chrysler,20643.0
Iceberg Rentals,323i,BMW,15333.666666666666
Iceberg Rentals,328i,BMW,31666.5
Iceberg Rentals,4Runner,Toyota,25001.0
Iceberg Rentals,5-Sep,Saab,28000.0
Iceberg Rentals,528i,BMW,38666.0
Iceberg Rentals,A4,Audi,12000.0
Iceberg Rentals,A6,Audi,19400.5
Iceberg Rentals,A8,Audi,13000.0
Iceberg Rentals,Accent,Hyundai,18500.0
Iceberg Rentals,Accord,Honda,25562.875
Iceberg Rentals,Altima,Nissan,20500.333333333332
Iceberg Rentals,Aurora,Oldsmobile,30100.2
Iceberg Rentals,Avenger,Dodge,30750.0
Iceberg Rentals,Beetle,Volkswagen,39087.75
Iceberg Rentals,Bonneville,Pontiac,21200.2
Iceberg Rentals,Boxter,Porsche,24357.285714285714
Iceberg Rentals,Bravada,Oldsmobile,36000.0
Iceberg Rentals,Breeze,Plymouth,21000.333333333332
Iceberg Rentals,C-Class,Mercedes-B,17000.0
Iceberg Rentals,C70,Volvo,26200.2
Iceberg Rentals,CL500,Mercedes-B,23850.25
Iceberg Rentals,CLK Coupe,Mercedes-B,22000.0
Iceberg Rentals,CR-V,Honda,19500.25
Iceberg Rentals,Cabrio,Volkswagen,18562.75
Iceberg Rentals,Camaro,Chevrolet,17000.0
Iceberg Rentals,Camry,Toyota,31500.0
Iceberg Rentals,Caravan,Dodge,20940.4
Iceberg Rentals,Carrera Cabrio,Porsche,32000.0
Iceberg Rentals,Carrera Coupe,Porsche,23333.333333333332
Iceberg Rentals,Catera,Cadillac,57998.5
Iceberg Rentals,Cavalier,Chevrolet,21000.375
Iceberg Rentals,Celica,Toyota,29786.14285714286
Iceberg Rentals,Cherokee,Jeep,25000.5
Iceberg Rentals,Cirrus,Chrysler,12001.0
Iceberg Rentals,Civic,Honda,34500.0
Iceberg Rentals,Concorde,Chrysler,27667.0
Iceberg Rentals,Continental,Lincoln,38724.25
Iceberg Rentals,Contour,Ford,44999.0
Iceberg Rentals,Corolla,Toyota,33560.0
Iceberg Rentals,Corvette,Chevrolet,31367.333333333332
Iceberg Rentals,Cougar,Mercury,25333.666666666668
Iceberg Rentals,Crown Victoria,Ford,20233.666666666668
Iceberg Rentals,Cutlass,Oldsmobile,34428.71428571428
Iceberg Rentals,Dakota,Dodge,15000.333333333334
Iceberg Rentals,DeVille,Cadillac,57998.5
Iceberg Rentals,Diamante,Mitsubishi,24800.0
Iceberg Rentals,Durango,Dodge,29125.75
Iceberg Rentals,E-Class,Mercedes-B,31000.0
Iceberg Rentals,ES300,Lexus,34000.0
Iceberg Rentals,Eclipse,Mitsubishi,22875.25
Iceberg Rentals,Elantra,Hyundai,24000.5
Iceberg Rentals,Eldorado,Cadillac,39749.833333333336
Iceberg Rentals,Escalade,Cadillac,30125.0
Iceberg Rentals,Escort,Ford,11000.0
Iceberg Rentals,Expedition,Ford,15333.333333333334
Iceberg Rentals,Explorer,Ford,27417.333333333332
Iceberg Rentals,F-Series,Ford,13525.5
Iceberg Rentals,Firebird,Pontiac,43000.0
Iceberg Rentals,Focus,Ford,34166.833333333336
Iceberg Rentals,Forester,Subaru,23960.2
Iceberg Rentals,Frontier,Nissan,17400.0
Iceberg Rentals,GS300,Lexus,34000.5
Iceberg Rentals,GS400,Lexus,22400.0
Iceberg Rentals,GTI,Volkswagen,24700.0
Iceberg Rentals,Galant,Mitsubishi,40167.0
Iceberg Rentals,Golf,Volkswagen,21875.0
Iceberg Rentals,Grand Am,Pontiac,19000.0
Iceberg Rentals,Grand Cherokee,Jeep,24250.0
Iceberg Rentals,Grand Marquis,Mercury,15800.2
Iceberg Rentals,Grand Prix,Pontiac,49999.25
Iceberg Rentals,I30,Infiniti,35833.666666666664
Iceberg Rentals,Impala,Chevrolet,21667.0
Iceberg Rentals,Integra,Acura,45000.0
Iceberg Rentals,Intrigue,Oldsmobile,34750.5
Iceberg Rentals,Jetta,Volkswagen,27277.833333333332
Iceberg Rentals,LHS,Chrysler,27880.6
Iceberg Rentals,LS,Saturn,46625.0
Iceberg Rentals,LS400,Lexus,38000.0
Iceberg Rentals,LW,Saturn,24750.25
Iceberg Rentals,LX470,Lexus,43500.0
Iceberg Rentals,Land Cruiser,Toyota,20000.0
Iceberg Rentals,LeSabre,Buick,20000.0
Iceberg Rentals,Lumina,Chevrolet,27250.0
Iceberg Rentals,M-Class,Mercedes-B,33333.333333333336
Iceberg Rentals,Malibu,Chevrolet,37499.625
Iceberg Rentals,Maxima,Nissan,38000.0
Iceberg Rentals,Metro,Chevrolet,19033.666666666668
Iceberg Rentals,Monte Carlo,Chevrolet,35000.0
Iceberg Rentals,Montero,Mitsubishi,16000.0
Iceberg Rentals,Montero Sport,Mitsubishi,44500.28571428572
Iceberg Rentals,Mountaineer,Mercury,21000.333333333332
Iceberg Rentals,Mustang,Ford,24583.666666666668
Iceberg Rentals,Mystique,Mercury,29000.0
Iceberg Rentals,Navigator,Lincoln,26166.833333333332
Iceberg Rentals,Neon,Dodge,19000.0
Iceberg Rentals,Neon,Plymouth,27125.0
Iceberg Rentals,Odyssey,Honda,45000.0
Iceberg Rentals,Outback,Subaru,42000.0
Iceberg Rentals,Park Avenue,Buick,50082.5
Iceberg Rentals,Passat,Volkswagen,20470.0
Iceberg Rentals,Passport,Honda,22375.25
Iceberg Rentals,Pathfinder,Nissan,32916.333333333336
Iceberg Rentals,Prizm,Chevrolet,21877.0
Iceberg Rentals,Prowler,Plymouth,23500.333333333332
Iceberg Rentals,Quest,Nissan,29666.666666666668
Iceberg Rentals,RAV4,Toyota,23250.0
Iceberg Rentals,RL,Acura,22678.0
Iceberg Rentals,Ram Pickup,Dodge,24078.222222222223
Iceberg Rentals,Ram Van,Dodge,25842.785714285714
Iceberg Rentals,Ram Wagon,Dodge,22000.5
Iceberg Rentals,Ranger,Ford,27999.875
Iceberg Rentals,Regal,Buick,25162.5
Iceberg Rentals,S-Class,Mercedes-B,29200.6
Iceberg Rentals,S-Type,Jaguar,37000.0
Iceberg Rentals,S40,Volvo,31560.1
Iceberg Rentals,S70,Volvo,23875.75
Iceberg Rentals,S80,Volvo,23000.0
Iceberg Rentals,SC,Saturn,33150.25
Iceberg Rentals,SL,Saturn,11000.0
Iceberg Rentals,SL-Class,Mercedes-B,30000.666666666668
Iceberg Rentals,SLK,Mercedes-B,28917.0
Iceberg Rentals,SLK230,Mercedes-B,35399.8
Iceberg Rentals,SW,Saturn,28866.666666666668
Iceberg Rentals,Sable,Mercury,44499.5625
Iceberg Rentals,Sebring Coupe,Chrysler,22800.5
Iceberg Rentals,Sentra,Nissan,16000.0
Iceberg Rentals,Seville,Cadillac,36667.0
Iceberg Rentals,Sienna,Toyota,20600.2
Iceberg Rentals,Silhouette,Oldsmobile,29408.909090909092
Iceberg Rentals,Sonata,Hyundai,20000.0
Iceberg Rentals,Stratus,Dodge,28001.0
Iceberg Rentals,Sunfire,Pontiac,25000.2
Iceberg Rentals,TL,Acura,21600.166666666668
Iceberg Rentals,Tacoma,Toyota,43900.2
Iceberg Rentals,Taurus,Ford,38799.4
Iceberg Rentals,Town car,Lincoln,22200.0
Iceberg Rentals,V40,Volvo,18000.0
Iceberg Rentals,V70,Volvo,39000.0
Iceberg Rentals,Villager,Mercury,20333.5
Iceberg Rentals,Viper,Dodge,26500.14285714286
Iceberg Rentals,Voyager,Plymouth,31333.0
Iceberg Rentals,Windstar,Ford,24001.0
Iceberg Rentals,Wrangler,Jeep,26749.875
Iceberg Rentals,Xterra,Nissan,16800.2
Jeff Drennen GM Super Store,Camaro 2SS,Chevrolet,44986.0
Jensen Buick GMC,LaCrosse Premium,Buick,26995.0
John Lee Nissan,Z Sport,Nissan,39900.0
Loeber Motors Mercedes-Benz,AMG E 53 E 53 AMG,Mercedes-Benz,69795.0
Long Beach BMW,M550 i xDrive,BMW,54997.0
Matheny Motor Truck Company,Envista Sport Touring,Buick,24500.0
McKinney Dodge Chrysler Jeep,3-Sep,Saab,33142.71428571428
McKinney Dodge Chrysler Jeep,3000GT,Mitsubishi,22312.75
McKinney Dodge Chrysler Jeep,300M,Chrysler,22333.5
McKinney Dodge Chrysler Jeep,323i,BMW,17250.5
McKinney Dodge Chrysler Jeep,328i,BMW,21841.666666666668
McKinney Dodge Chrysler Jeep,4Runner,Toyota,25500.0
McKinney Dodge Chrysler Jeep,5-Sep,Saab,28000.0
McKinney Dodge Chrysler Jeep,528i,BMW,26888.833333333332
McKinney Dodge Chrysler Jeep,A4,Audi,19625.0
McKinney Dodge Chrysler Jeep,A6,Audi,22535.85714285714
McKinney Dodge Chrysler Jeep,Accord,Honda,34166.833333333336
McKinney Dodge Chrysler Jeep,Aurora,Oldsmobile,49999.333333333336
McKinney Dodge Chrysler Jeep,Avenger,Dodge,25667.333333333332
McKinney Dodge Chrysler Jeep,Beetle,Volkswagen,37267.0
McKinney Dodge Chrysler Jeep,Bonneville,Pontiac,19500.5
McKinney Dodge Chrysler Jeep,Boxter,Porsche,14000.0
McKinney Dodge Chrysler Jeep,Bravada,Oldsmobile,22340.2
McKinney Dodge Chrysler Jeep,C-Class,Mercedes-B,13667.0
McKinney Dodge Chrysler Jeep,C70,Volvo,26612.6875
McKinney Dodge Chrysler Jeep,CL500,Mercedes-B,25243.0
McKinney Dodge Chrysler Jeep,CLK Coupe,Mercedes-B,22000.0
McKinney Dodge Chrysler Jeep,CR-V,Honda,17685.714285714286
McKinney Dodge Chrysler Jeep,Cabrio,Volkswagen,18200.4
McKinney Dodge Chrysler Jeep,Camaro,Chevrolet,32600.5
McKinney Dodge Chrysler Jeep,Camry,Toyota,30600.0
McKinney Dodge Chrysler Jeep,Carrera Cabrio,Porsche,24667.0
McKinney Dodge Chrysler Jeep,Carrera Coupe,Porsche,21458.666666666668
McKinney Dodge Chrysler Jeep,Catera,Cadillac,28000.0
McKinney Dodge Chrysler Jeep,Cavalier,Chevrolet,17514.714285714286
McKinney Dodge Chrysler Jeep,Celica,Toyota,23750.0
McKinney Dodge Chrysler Jeep,Cirrus,Chrysler,12000.0
McKinney Dodge Chrysler Jeep,Civic,Honda,37833.666666666664
McKinney Dodge Chrysler Jeep,Concorde,Chrysler,15300.0
McKinney Dodge Chrysler Jeep,Continental,Lincoln,34333.166666666664
McKinney Dodge Chrysler Jeep,Contour,Ford,44999.0
McKinney Dodge Chrysler Jeep,Corolla,Toyota,14000.0
McKinney Dodge Chrysler Jeep,Corvette,Chevrolet,34187.875
McKinney Dodge Chrysler Jeep,Cougar,Mercury,27660.0
McKinney Dodge Chrysler Jeep,Crown Victoria,Ford,23700.2
McKinney Dodge Chrysler Jeep,Cutlass,Oldsmobile,34000.666666666664
McKinney Dodge Chrysler Jeep,Dakota,Dodge,21000.0
McKinney Dodge Chrysler Jeep,DeVille,Cadillac,39999.75
McKinney Dodge Chrysler Jeep,Diamante,Mitsubishi,19736.545454545456
McKinney Dodge Chrysler Jeep,Durango,Dodge,17196.666666666668
McKinney Dodge Chrysler Jeep,E-Class,Mercedes-B,27900.0
McKinney Dodge Chrysler Jeep,ES300,Lexus,27000.0
McKinney Dodge Chrysler Jeep,Eclipse,Mitsubishi,22750.0
McKinney Dodge Chrysler Jeep,Elantra,Hyundai,22000.0
McKinney Dodge Chrysler Jeep,Eldorado,Cadillac,30666.833333333332
McKinney Dodge Chrysler Jeep,Escalade,Cadillac,33000.0
McKinney Dodge Chrysler Jeep,Escort,Ford,12667.166666666666
McKinney Dodge Chrysler Jeep,Expedition,Ford,22800.333333333332
McKinney Dodge Chrysler Jeep,Explorer,Ford,17408.083333333332
McKinney Dodge Chrysler Jeep,Firebird,Pontiac,43000.0
McKinney Dodge Chrysler Jeep,Focus,Ford,33000.0
McKinney Dodge Chrysler Jeep,Forester,Subaru,22538.69230769231
McKinney Dodge Chrysler Jeep,Frontier,Nissan,29714.571428571428
McKinney Dodge Chrysler Jeep,GS300,Lexus,51000.0
McKinney Dodge Chrysler Jeep,GS400,Lexus,18333.666666666668
McKinney Dodge Chrysler Jeep,GTI,Volkswagen,26000.0
McKinney Dodge Chrysler Jeep,Galant,Mitsubishi,36001.0
McKinney Dodge Chrysler Jeep,Golf,Volkswagen,30000.5
McKinney Dodge Chrysler Jeep,Grand Am,Pontiac,28200.0
McKinney Dodge Chrysler Jeep,Grand Cherokee,Jeep,15166.666666666666
McKinney Dodge Chrysler Jeep,Grand Marquis,Mercury,37272.181818181816
McKinney Dodge Chrysler Jeep,Grand Prix,Pontiac,30750.0
McKinney Dodge Chrysler Jeep,I30,Infiniti,30500.166666666668
McKinney Dodge Chrysler Jeep,Impala,Chevrolet,22000.0
McKinney Dodge Chrysler Jeep,Integra,Acura,45000.0
McKinney Dodge Chrysler Jeep,Intrepid,Dodge,11501.0
McKinney Dodge Chrysler Jeep,Intrigue,Oldsmobile,41500.0
McKinney Dodge Chrysler Jeep,Jetta,Volkswagen,29799.7
McKinney Dodge Chrysler Jeep,LHS,Chrysler,29511.333333333332
McKinney Dodge Chrysler Jeep,LS,Saturn,40000.666666666664
McKinney Dodge Chrysler Jeep,LS400,Lexus,36277.833333333336
McKinney Dodge Chrysler Jeep,LW,Saturn,22333.5
McKinney Dodge Chrysler Jeep,LX470,Lexus,28167.0
McKinney Dodge Chrysler Jeep,Land Cruiser,Toyota,24200.4
McKinney Dodge Chrysler Jeep,Lumina,Chevrolet,14500.25
McKinney Dodge Chrysler Jeep,M-Class,Mercedes-B,35666.666666666664
McKinney Dodge Chrysler Jeep,Malibu,Chevrolet,34999.92857142857
McKinney Dodge Chrysler Jeep,Maxima,Nissan,31400.2
McKinney Dodge Chrysler Jeep,Metro,Chevrolet,21000.4
McKinney Dodge Chrysler Jeep,Mirage,Mitsubishi,9000.0
McKinney Dodge Chrysler Jeep,Monte Carlo,Chevrolet,24833.5
McKinney Dodge Chrysler Jeep,Montero Sport,Mitsubishi,34967.0
McKinney Dodge Chrysler Jeep,Mountaineer,Mercury,21000.333333333332
McKinney Dodge Chrysler Jeep,Mustang,Ford,30250.75
McKinney Dodge Chrysler Jeep,Mystique,Mercury,9000.0
McKinney Dodge Chrysler Jeep,Navigator,Lincoln,19250.5
McKinney Dodge Chrysler Jeep,Neon,Plymouth,19800.6
McKinney Dodge Chrysler Jeep,Odyssey,Honda,27000.0
McKinney Dodge Chrysler Jeep,Outback,Subaru,35417.166666666664
McKinney Dodge Chrysler Jeep,Park Avenue,Buick,23000.0
McKinney Dodge Chrysler Jeep,Passat,Volkswagen,16327.272727272728
McKinney Dodge Chrysler Jeep,Passport,Honda,27001.0
McKinney Dodge Chrysler Jeep,Pathfinder,Nissan,22999.833333333332
McKinney Dodge Chrysler Jeep,Prizm,Chevrolet,20620.2
McKinney Dodge Chrysler Jeep,Prowler,Plymouth,49399.0
McKinney Dodge Chrysler Jeep,Quest,Nissan,22000.5
McKinney Dodge Chrysler Jeep,RAV4,Toyota,31399.9
McKinney Dodge Chrysler Jeep,RL,Acura,23041.75
McKinney Dodge Chrysler Jeep,Ram Pickup,Dodge,38625.0
McKinney Dodge Chrysler Jeep,Ram Van,Dodge,29999.625
McKinney Dodge Chrysler Jeep,Ram Wagon,Dodge,22000.0
McKinney Dodge Chrysler Jeep,Ranger,Ford,18000.0
McKinney Dodge Chrysler Jeep,Regal,Buick,37250.25
McKinney Dodge Chrysler Jeep,S-Class,Mercedes-B,28500.083333333332
McKinney Dodge Chrysler Jeep,S-Type,Jaguar,27107.428571428572
McKinney Dodge Chrysler Jeep,S40,Volvo,26566.833333333332
McKinney Dodge Chrysler Jeep,S70,Volvo,24000.0
McKinney Dodge Chrysler Jeep,S80,Volvo,23050.5
McKinney Dodge Chrysler Jeep,SC,Saturn,40249.25
McKinney Dodge Chrysler Jeep,SL-Class,Mercedes-B,34000.333333333336
McKinney Dodge Chrysler Jeep,SLK,Mercedes-B,33083.333333333336
McKinney Dodge Chrysler Jeep,SLK230,Mercedes-B,14000.0
McKinney Dodge Chrysler Jeep,SW,Saturn,28667.0
McKinney Dodge Chrysler Jeep,Sable,Mercury,41999.25
McKinney Dodge Chrysler Jeep,Sebring Coupe,Chrysler,26000.285714285714
McKinney Dodge Chrysler Jeep,Sentra,Nissan,16000.5
McKinney Dodge Chrysler Jeep,Seville,Cadillac,44000.0
McKinney Dodge Chrysler Jeep,Sienna,Toyota,13500.0
McKinney Dodge Chrysler Jeep,Silhouette,Oldsmobile,36272.27272727273
McKinney Dodge Chrysler Jeep,Sonata,Hyundai,17520.6
McKinney Dodge Chrysler Jeep,Stratus,Dodge,31300.0
McKinney Dodge Chrysler Jeep,Sunfire,Pontiac,35000.2
McKinney Dodge Chrysler Jeep,TL,Acura,24082.18181818182
McKinney Dodge Chrysler Jeep,Tacoma,Toyota,43399.6
McKinney Dodge Chrysler Jeep,Taurus,Ford,54248.875
McKinney Dodge Chrysler Jeep,Town & Country,Chrysler,17000.0
McKinney Dodge Chrysler Jeep,Town car,Lincoln,28000.0
McKinney Dodge Chrysler Jeep,V70,Volvo,39000.0
McKinney Dodge Chrysler Jeep,Villager,Mercury,17300.2
McKinney Dodge Chrysler Jeep,Viper,Dodge,36276.0
McKinney Dodge Chrysler Jeep,Voyager,Plymouth,18000.25
McKinney Dodge Chrysler Jeep,Windstar,Ford,25000.5
McKinney Dodge Chrysler Jeep,Wrangler,Jeep,18300.2
McKinney Dodge Chrysler Jeep,Xterra,Nissan,17500.0
Mercedes-Benz of Hampton,AMG E 53 Base 4MATIC,Mercedes-Benz,69600.0
Mercedes-Benz of Littleton,G-Class G 550 4MATIC,Mercedes-Benz,141026.5
Mercedes-Benz of Louisville,AMG G 63 4MATIC,Mercedes-Benz,141026.5
Motor Vehicle Branch Office,3-Sep,Saab,34499.625
Motor Vehicle Branch Office,3000GT,Mitsubishi,22650.375
Motor Vehicle Branch Office,300M,Chrysler,19821.571428571428
Motor Vehicle Branch Office,323i,BMW,18366.666666666668
Motor Vehicle Branch Office,328i,BMW,21000.5
Motor Vehicle Branch Office,4Runner,Toyota,35000.0
Motor Vehicle Branch Office,5-Sep,Saab,28001.0
Motor Vehicle Branch Office,528i,BMW,21675.333333333332
Motor Vehicle Branch Office,A4,Audi,19500.0
Motor Vehicle Branch Office,A6,Audi,24250.25
Motor Vehicle Branch Office,A8,Audi,13001.0
Motor Vehicle Branch Office,Accent,Hyundai,18400.0
Motor Vehicle Branch Office,Accord,Honda,22778.222222222223
Motor Vehicle Branch Office,Alero,Oldsmobile,17250.0
Motor Vehicle Branch Office,Altima,Nissan,20516.833333333332
Motor Vehicle Branch Office,Aurora,Oldsmobile,27333.666666666668
Motor Vehicle Branch Office,Avenger,Dodge,27833.333333333332
Motor Vehicle Branch Office,Beetle,Volkswagen,33000.0
Motor Vehicle Branch Office,Bonneville,Pontiac,27600.5
Motor Vehicle Branch Office,Boxter,Porsche,14000.0
Motor Vehicle Branch Office,Bravada,Oldsmobile,25083.5
Motor Vehicle Branch Office,Breeze,Plymouth,22001.0
Motor Vehicle Branch Office,C-Class,Mercedes-B,15125.5
Motor Vehicle Branch Office,C70,Volvo,25500.25
Motor Vehicle Branch Office,CL500,Mercedes-B,22233.666666666668
Motor Vehicle Branch Office,CLK Coupe,Mercedes-B,22001.0
Motor Vehicle Branch Office,CR-V,Honda,24933.333333333332
Motor Vehicle Branch Office,Cabrio,Volkswagen,18000.2
Motor Vehicle Branch Office,Camaro,Chevrolet,30750.25
Motor Vehicle Branch Office,Camry,Toyota,29000.0
Motor Vehicle Branch Office,Caravan,Dodge,21666.666666666668
Motor Vehicle Branch Office,Carrera Cabrio,Porsche,32000.0
Motor Vehicle Branch Office,Carrera Coupe,Porsche,17000.25
Motor Vehicle Branch Office,Catera,Cadillac,57998.5
Motor Vehicle Branch Office,Cavalier,Chevrolet,21600.4
Motor Vehicle Branch Office,Celica,Toyota,35000.333333333336
Motor Vehicle Branch Office,Century,Buick,17000.0
Motor Vehicle Branch Office,Cherokee,Jeep,28833.333333333332
Motor Vehicle Branch Office,Civic,Honda,34000.0
Motor Vehicle Branch Office,Concorde,Chrysler,27857.714285714286
Motor Vehicle Branch Office,Continental,Lincoln,44665.666666666664
Motor Vehicle Branch Office,Contour,Ford,57998.5
Motor Vehicle Branch Office,Corolla,Toyota,34666.666666666664
Motor Vehicle Branch Office,Corvette,Chevrolet,27150.5
Motor Vehicle Branch Office,Cougar,Mercury,28800.2
Motor Vehicle Branch Office,Crown Victoria,Ford,24500.5
Motor Vehicle Branch Office,Cutlass,Oldsmobile,37500.166666666664
Motor Vehicle Branch Office,Dakota,Dodge,12000.0
Motor Vehicle Branch Office,DeVille,Cadillac,48998.875
Motor Vehicle Branch Office,Diamante,Mitsubishi,25750.25
Motor Vehicle Branch Office,Durango,Dodge,20250.25
Motor Vehicle Branch Office,E-Class,Mercedes-B,25666.666666666668
Motor Vehicle Branch Office,ES300,Lexus,27000.0
Motor Vehicle Branch Office,Eclipse,Mitsubishi,27000.5
Motor Vehicle Branch Office,Elantra,Hyundai,22001.0
Motor Vehicle Branch Office,Eldorado,Cadillac,43999.25
Motor Vehicle Branch Office,Escalade,Cadillac,29333.666666666668
Motor Vehicle Branch Office,Escort,Ford,12667.333333333334
Motor Vehicle Branch Office,Expedition,Ford,15333.333333333334
Motor Vehicle Branch Office,Explorer,Ford,29100.4
Motor Vehicle Branch Office,F-Series,Ford,21700.0
Motor Vehicle Branch Office,Firebird,Pontiac,43200.0
Motor Vehicle Branch Office,Focus,Ford,32807.28571428572
Motor Vehicle Branch Office,Forester,Subaru,17001.0
Motor Vehicle Branch Office,Frontier,Nissan,32857.28571428572
Motor Vehicle Branch Office,GS300,Lexus,39666.666666666664
Motor Vehicle Branch Office,GS400,Lexus,16333.666666666666
Motor Vehicle Branch Office,GTI,Volkswagen,23562.5
Motor Vehicle Branch Office,Galant,Mitsubishi,39000.0
Motor Vehicle Branch Office,Golf,Volkswagen,17500.5
Motor Vehicle Branch Office,Grand Am,Pontiac,17967.0
Motor Vehicle Branch Office,Grand Cherokee,Jeep,20000.0
Motor Vehicle Branch Office,Grand Marquis,Mercury,29999.833333333332
Motor Vehicle Branch Office,Grand Prix,Pontiac,44249.25
Motor Vehicle Branch Office,I30,Infiniti,21500.0
Motor Vehicle Branch Office,Impala,Chevrolet,21667.0
Motor Vehicle Branch Office,Integra,Acura,45000.0
Motor Vehicle Branch Office,Intrepid,Dodge,24400.0
Motor Vehicle Branch Office,Intrigue,Oldsmobile,33333.666666666664
Motor Vehicle Branch Office,Jetta,Volkswagen,31350.041666666668
Motor Vehicle Branch Office,LHS,Chrysler,30581.909090909092
Motor Vehicle Branch Office,LS,Saturn,30254.85714285714
Motor Vehicle Branch Office,LS400,Lexus,37499.63636363636
Motor Vehicle Branch Office,LW,Saturn,25611.333333333332
Motor Vehicle Branch Office,LX470,Lexus,22800.2
Motor Vehicle Branch Office,Land Cruiser,Toyota,22000.333333333332
Motor Vehicle Branch Office,Lumina,Chevrolet,26666.833333333332
Motor Vehicle Branch Office,M-Class,Mercedes-B,41000.0
Motor Vehicle Branch Office,Malibu,Chevrolet,14000.5
Motor Vehicle Branch Office,Maxima,Nissan,54000.5
Motor Vehicle Branch Office,Metro,Chevrolet,16750.125
Motor Vehicle Branch Office,Monte Carlo,Chevrolet,30333.333333333332
Motor Vehicle Branch Office,Montero,Mitsubishi,16000.0
Motor Vehicle Branch Office,Montero Sport,Mitsubishi,44900.22222222222
Motor Vehicle Branch Office,Mountaineer,Mercury,21000.333333333332
Motor Vehicle Branch Office,Mustang,Ford,22500.6
Motor Vehicle Branch Office,Mystique,Mercury,19001.0
Motor Vehicle Branch Office,Navigator,Lincoln,22625.0
Motor Vehicle Branch Office,Neon,Dodge,19000.0
Motor Vehicle Branch Office,Neon,Plymouth,19200.2
Motor Vehicle Branch Office,Odyssey,Honda,36000.666666666664
Motor Vehicle Branch Office,Outback,Subaru,34000.0
Motor Vehicle Branch Office,Park Avenue,Buick,38772.5
Motor Vehicle Branch Office,Passat,Volkswagen,20033.666666666668
Motor Vehicle Branch Office,Passport,Honda,22857.14285714286
Motor Vehicle Branch Office,Pathfinder,Nissan,34166.166666666664
Motor Vehicle Branch Office,Prizm,Chevrolet,22283.5
Motor Vehicle Branch Office,Prowler,Plymouth,32714.0
Motor Vehicle Branch Office,Quest,Nissan,22000.5
Motor Vehicle Branch Office,RAV4,Toyota,23967.0
Motor Vehicle Branch Office,RL,Acura,22350.1
Motor Vehicle Branch Office,Ram Pickup,Dodge,24970.4
Motor Vehicle Branch Office,Ram Van,Dodge,29399.7
Motor Vehicle Branch Office,Ranger,Ford,18500.0
Motor Vehicle Branch Office,Regal,Buick,31500.333333333332
Motor Vehicle Branch Office,S-Class,Mercedes-B,24636.409090909092
Motor Vehicle Branch Office,S-Type,Jaguar,21000.5
Motor Vehicle Branch Office,S40,Volvo,36011.22222222222
Motor Vehicle Branch Office,S70,Volvo,26000.0
Motor Vehicle Branch Office,S80,Volvo,25000.0
Motor Vehicle Branch Office,SC,Saturn,42999.4
Motor Vehicle Branch Office,SL,Saturn,14667.0
Motor Vehicle Branch Office,SL-Class,Mercedes-B,23000.333333333332
Motor Vehicle Branch Office,SLK,Mercedes-B,30333.666666666668
Motor Vehicle Branch Office,SLK230,Mercedes-B,14000.0
Motor Vehicle Branch Office,SW,Saturn,28667.0
Motor Vehicle Branch Office,Sable,Mercury,37916.416666666664
Motor Vehicle Branch Office,Sebring Coupe,Chrysler,26550.333333333332
Motor Vehicle Branch Office,Sentra,Nissan,16000.5
Motor Vehicle Branch Office,Seville,Cadillac,30500.0
Motor Vehicle Branch Office,Sienna,Toyota,19275.0
Motor Vehicle Branch Office,Silhouette,Oldsmobile,29599.625
Motor Vehicle Branch Office,Sonata,Hyundai,17250.0
Motor Vehicle Branch Office,Stratus,Dodge,31250.5
Motor Vehicle Branch Office,Sunfire,Pontiac,29666.833333333332
Motor Vehicle Branch Office,TL,Acura,23400.14285714286
Motor Vehicle Branch Office,Tacoma,Toyota,41500.2
Motor Vehicle Branch Office,Taurus,Ford,47999.833333333336
Motor Vehicle Branch Office,Town & Country,Chrysler,42000.0
Motor Vehicle Branch Office,Town car,Lincoln,17725.25
Motor Vehicle Branch Office,V40,Volvo,18001.0
Motor Vehicle Branch Office,V70,Volvo,39000.5
Motor Vehicle Branch Office,Villager,Mercury,14563.0
Motor Vehicle Branch Office,Viper,Dodge,30750.166666666668
Motor Vehicle Branch Office,Voyager,Plymouth,30124.625
Motor Vehicle Branch Office,Windstar,Ford,19000.5
Motor Vehicle Branch Office,Wrangler,Jeep,29999.5
Motor Vehicle Branch Office,Xterra,Nissan,22000.333333333332
Nebo Chevrolet,3-Sep,Saab,31999.875
Nebo Chevrolet,3000GT,Mitsubishi,24987.5
Nebo Chevrolet,300M,Chrysler,24333.333333333332
Nebo Chevrolet,323i,BMW,20250.0
Nebo Chevrolet,328i,BMW,23071.64285714286
Nebo Chevrolet,4Runner,Toyota,30001.0
Nebo Chevrolet,5-Sep,Saab,28750.0
Nebo Chevrolet,528i,BMW,26462.4375
Nebo Chevrolet,A4,Audi,22000.0
Nebo Chevrolet,A6,Audi,21227.409090909092
Nebo Chevrolet,A8,Audi,44000.0
Nebo Chevrolet,Accent,Hyundai,18055.5
Nebo Chevrolet,Accord,Honda,29750.25
Nebo Chevrolet,Altima,Nissan,20800.0
Nebo Chevrolet,Aurora,Oldsmobile,40999.5
Nebo Chevrolet,Avenger,Dodge,39001.0
Nebo Chevrolet,Bonneville,Pontiac,19285.714285714286
Nebo Chevrolet,Boxter,Porsche,14001.0
Nebo Chevrolet,Bravada,Oldsmobile,18025.5
Nebo Chevrolet,Breeze,Plymouth,39001.0
Nebo Chevrolet,C-Class,Mercedes-B,13500.2
Nebo Chevrolet,C70,Volvo,30868.5
Nebo Chevrolet,CL500,Mercedes-B,25675.0
Nebo Chevrolet,CLK Coupe,Mercedes-B,22000.0
Nebo Chevrolet,CR-V,Honda,22000.0
Nebo Chevrolet,Cabrio,Volkswagen,18300.6
Nebo Chevrolet,Camaro,Chevrolet,26500.0
Nebo Chevrolet,Camry,Toyota,31143.0
Nebo Chevrolet,Caravan,Dodge,31000.25
Nebo Chevrolet,Carrera Cabrio,Porsche,32000.0
Nebo Chevrolet,Carrera Coupe,Porsche,21333.333333333332
Nebo Chevrolet,Catera,Cadillac,28050.0
Nebo Chevrolet,Cavalier,Chevrolet,18166.666666666668
Nebo Chevrolet,Celica,Toyota,18250.25
Nebo Chevrolet,Century,Buick,17000.0
Nebo Chevrolet,Cherokee,Jeep,25000.5
Nebo Chevrolet,Cirrus,Chrysler,12000.0
Nebo Chevrolet,Civic,Honda,39125.25
Nebo Chevrolet,Concorde,Chrysler,27750.5
Nebo Chevrolet,Continental,Lincoln,30928.714285714286
Nebo Chevrolet,Contour,Ford,42399.3
Nebo Chevrolet,Corolla,Toyota,16000.5
Nebo Chevrolet,Corvette,Chevrolet,33500.2
Nebo Chevrolet,Cougar,Mercury,27500.25
Nebo Chevrolet,Crown Victoria,Ford,26150.0
Nebo Chevrolet,Cutlass,Oldsmobile,43500.5
Nebo Chevrolet,Dakota,Dodge,21000.0
Nebo Chevrolet,DeVille,Cadillac,46199.0
Nebo Chevrolet,Diamante,Mitsubishi,19547.0
Nebo Chevrolet,Durango,Dodge,22583.5
Nebo Chevrolet,E-Class,Mercedes-B,24600.2
Nebo Chevrolet,ES300,Lexus,28875.5
Nebo Chevrolet,Eclipse,Mitsubishi,18500.5
Nebo Chevrolet,Elantra,Hyundai,24000.0
Nebo Chevrolet,Eldorado,Cadillac,35000.0
Nebo Chevrolet,Escalade,Cadillac,34040.2
Nebo Chevrolet,Escort,Ford,12501.0
Nebo Chevrolet,Expedition,Ford,24333.333333333332
Nebo Chevrolet,Explorer,Ford,31944.88888888889
Nebo Chevrolet,Firebird,Pontiac,43000.5
Nebo Chevrolet,Focus,Ford,33000.5
Nebo Chevrolet,Forester,Subaru,22050.222222222223
Nebo Chevrolet,Frontier,Nissan,24320.2
Nebo Chevrolet,GS300,Lexus,51000.0
Nebo Chevrolet,GS400,Lexus,25714.571428571428
Nebo Chevrolet,GTI,Volkswagen,26025.25
Nebo Chevrolet,Galant,Mitsubishi,36000.333333333336
Nebo Chevrolet,Golf,Volkswagen,23333.666666666668
Nebo Chevrolet,Grand Am,Pontiac,20250.5
Nebo Chevrolet,Grand Cherokee,Jeep,21000.0
Nebo Chevrolet,Grand Marquis,Mercury,30999.5
Nebo Chevrolet,Grand Prix,Pontiac,24750.0
Nebo Chevrolet,I30,Infiniti,28250.125
Nebo Chevrolet,Impala,Chevrolet,14166.666666666666
Nebo Chevrolet,Integra,Acura,45000.0
Nebo Chevrolet,Intrigue,Oldsmobile,35000.5
Nebo Chevrolet,Jetta,Volkswagen,25191.833333333332
Nebo Chevrolet,LHS,Chrysler,24285.85714285714
Nebo Chevrolet,LS,Saturn,41200.2
Nebo Chevrolet,LS400,Lexus,41055.5
Nebo Chevrolet,LW,Saturn,15750.0
Nebo Chevrolet,LX470,Lexus,38000.5
Nebo Chevrolet,Land Cruiser,Toyota,18000.333333333332
Nebo Chevrolet,LeSabre,Buick,20000.5
Nebo Chevrolet,Lumina,Chevrolet,23717.0
Nebo Chevrolet,M-Class,Mercedes-B,41000.0
Nebo Chevrolet,Malibu,Chevrolet,32999.944444444445
Nebo Chevrolet,Maxima,Nissan,25750.0
Nebo Chevrolet,Metro,Chevrolet,20000.2
Nebo Chevrolet,Monte Carlo,Chevrolet,19000.0
Nebo Chevrolet,Montero Sport,Mitsubishi,34233.5
Nebo Chevrolet,Mountaineer,Mercury,21000.5
Nebo Chevrolet,Mustang,Ford,35540.2
Nebo Chevrolet,Mystique,Mercury,9000.0
Nebo Chevrolet,Navigator,Lincoln,23666.666666666668
Nebo Chevrolet,Neon,Dodge,19001.0
Nebo Chevrolet,Neon,Plymouth,28000.5
Nebo Chevrolet,Odyssey,Honda,27000.0
Nebo Chevrolet,Outback,Subaru,28500.25
Nebo Chevrolet,Park Avenue,Buick,39699.1
Nebo Chevrolet,Passat,Volkswagen,21550.3
Nebo Chevrolet,Passport,Honda,25333.666666666668
Nebo Chevrolet,Pathfinder,Nissan,27687.4375
Nebo Chevrolet,Prizm,Chevrolet,19500.266666666666
Nebo Chevrolet,Prowler,Plymouth,32199.4
Nebo Chevrolet,Quest,Nissan,25440.0
Nebo Chevrolet,RAV4,Toyota,32600.1
Nebo Chevrolet,RL,Acura,23022.444444444445
Nebo Chevrolet,RX300,Lexus,18000.0
Nebo Chevrolet,Ram Pickup,Dodge,31583.666666666668
Nebo Chevrolet,Ram Van,Dodge,38249.75
Nebo Chevrolet,Ram Wagon,Dodge,19025.25
Nebo Chevrolet,Ranger,Ford,37999.25
Nebo Chevrolet,Regal,Buick,32500.25
Nebo Chevrolet,S-Class,Mercedes-B,14333.666666666666
Nebo Chevrolet,S-Type,Jaguar,25700.0
Nebo Chevrolet,S40,Volvo,21810.1
Nebo Chevrolet,S70,Volvo,29150.0
Nebo Chevrolet,S80,Volvo,21000.0
Nebo Chevrolet,SC,Saturn,45499.25
Nebo Chevrolet,SL,Saturn,11000.0
Nebo Chevrolet,SL-Class,Mercedes-B,29000.4
Nebo Chevrolet,SLK,Mercedes-B,29833.666666666668
Nebo Chevrolet,SLK230,Mercedes-B,44199.3
Nebo Chevrolet,SW,Saturn,25250.5
Nebo Chevrolet,Sable,Mercury,40300.1
Nebo Chevrolet,Sebring Conv.,Chrysler,16000.0
Nebo Chevrolet,Sebring Coupe,Chrysler,27800.333333333332
Nebo Chevrolet,Sentra,Nissan,25000.0
Nebo Chevrolet,Seville,Cadillac,36900.666666666664
Nebo Chevrolet,Sienna,Toyota,16700.2
Nebo Chevrolet,Silhouette,Oldsmobile,26411.0
Nebo Chevrolet,Sonata,Hyundai,18000.25
Nebo Chevrolet,Stratus,Dodge,34000.5
Nebo Chevrolet,Sunfire,Pontiac,43000.75
Nebo Chevrolet,TL,Acura,23850.1
Nebo Chevrolet,Tacoma,Toyota,48249.5
Nebo Chevrolet,Taurus,Ford,28499.625
Nebo Chevrolet,Town car,Lincoln,25667.0
Nebo Chevrolet,V70,Volvo,39000.0
Nebo Chevrolet,Villager,Mercury,19500.0
Nebo Chevrolet,Viper,Dodge,30875.25
Nebo Chevrolet,Voyager,Plymouth,30499.625
Nebo Chevrolet,Windstar,Ford,24500.0
Nebo Chevrolet,Wrangler,Jeep,19000.0
Nebo Chevrolet,Xterra,Nissan,9000.0
New Castle Ford Lincoln Mercury,3-Sep,Saab,22333.333333333332
New Castle Ford Lincoln Mercury,3000GT,Mitsubishi,21000.222222222223
New Castle Ford Lincoln Mercury,300M,Chrysler,20440.4
New Castle Ford Lincoln Mercury,323i,BMW,16650.4
New Castle Ford Lincoln Mercury,328i,BMW,33333.166666666664
New Castle Ford Lincoln Mercury,4Runner,Toyota,28333.666666666668
New Castle Ford Lincoln Mercury,5-Sep,Saab,34750.5
New Castle Ford Lincoln Mercury,528i,BMW,27844.38888888889
New Castle Ford Lincoln Mercury,A4,Audi,15150.6
New Castle Ford Lincoln Mercury,A6,Audi,20375.25
New Castle Ford Lincoln Mercury,Accent,Hyundai,18500.0
New Castle Ford Lincoln Mercury,Accord,Honda,25000.0
New Castle Ford Lincoln Mercury,Altima,Nissan,20567.0
New Castle Ford Lincoln Mercury,Aurora,Oldsmobile,30666.666666666668
New Castle Ford Lincoln Mercury,Avenger,Dodge,30750.5
New Castle Ford Lincoln Mercury,Beetle,Volkswagen,45125.5
New Castle Ford Lincoln Mercury,Bonneville,Pontiac,21312.75
New Castle Ford Lincoln Mercury,Boxter,Porsche,21333.666666666668
New Castle Ford Lincoln Mercury,Bravada,Oldsmobile,31625.25
New Castle Ford Lincoln Mercury,Breeze,Plymouth,20625.75
New Castle Ford Lincoln Mercury,C-Class,Mercedes-B,14367.0
New Castle Ford Lincoln Mercury,C70,Volvo,33643.142857142855
New Castle Ford Lincoln Mercury,CL500,Mercedes-B,23750.5
New Castle Ford Lincoln Mercury,CLK Coupe,Mercedes-B,22000.0
New Castle Ford Lincoln Mercury,CR-V,Honda,22001.0
New Castle Ford Lincoln Mercury,Cabrio,Volkswagen,16000.333333333334
New Castle Ford Lincoln Mercury,Camaro,Chevrolet,32500.0
New Castle Ford Lincoln Mercury,Camry,Toyota,32000.333333333332
New Castle Ford Lincoln Mercury,Caravan,Dodge,21750.333333333332
New Castle Ford Lincoln Mercury,Carrera Cabrio,Porsche,32000.0
New Castle Ford Lincoln Mercury,Carrera Coupe,Porsche,21333.333333333332
New Castle Ford Lincoln Mercury,Catera,Cadillac,57998.5
New Castle Ford Lincoln Mercury,Cavalier,Chevrolet,20000.2
New Castle Ford Lincoln Mercury,Celica,Toyota,25900.4
New Castle Ford Lincoln Mercury,Century,Buick,17000.0
New Castle Ford Lincoln Mercury,Cherokee,Jeep,25001.0
New Castle Ford Lincoln Mercury,Cirrus,Chrysler,12000.0
New Castle Ford Lincoln Mercury,Civic,Honda,34622.5
New Castle Ford Lincoln Mercury,Concorde,Chrysler,30918.875
New Castle Ford Lincoln Mercury,Continental,Lincoln,31332.833333333332
New Castle Ford Lincoln Mercury,Contour,Ford,45165.666666666664
New Castle Ford Lincoln Mercury,Corolla,Toyota,41000.0
New Castle Ford Lincoln Mercury,Corvette,Chevrolet,34750.25
New Castle Ford Lincoln Mercury,Cougar,Mercury,27250.25
New Castle Ford Lincoln Mercury,Crown Victoria,Ford,20000.0
New Castle Ford Lincoln Mercury,Cutlass,Oldsmobile,37812.625
New Castle Ford Lincoln Mercury,Dakota,Dodge,15000.333333333334
New Castle Ford Lincoln Mercury,DeVille,Cadillac,22000.5
New Castle Ford Lincoln Mercury,Diamante,Mitsubishi,25792.53846153846
New Castle Ford Lincoln Mercury,Durango,Dodge,21900.125
New Castle Ford Lincoln Mercury,E-Class,Mercedes-B,31000.0
New Castle Ford Lincoln Mercury,ES300,Lexus,27200.0
New Castle Ford Lincoln Mercury,Elantra,Hyundai,22000.0
New Castle Ford Lincoln Mercury,Eldorado,Cadillac,41899.6
New Castle Ford Lincoln Mercury,Expedition,Ford,12000.5
New Castle Ford Lincoln Mercury,Explorer,Ford,35400.28571428572
New Castle Ford Lincoln Mercury,F-Series,Ford,13375.5
New Castle Ford Lincoln Mercury,Firebird,Pontiac,43001.0
New Castle Ford Lincoln Mercury,Focus,Ford,34875.25
New Castle Ford Lincoln Mercury,Forester,Subaru,23140.4
New Castle Ford Lincoln Mercury,Frontier,Nissan,25875.25
New Castle Ford Lincoln Mercury,GS400,Lexus,21750.5
New Castle Ford Lincoln Mercury,GTI,Volkswagen,25750.25
New Castle Ford Lincoln Mercury,Galant,Mitsubishi,40000.0
New Castle Ford Lincoln Mercury,Golf,Volkswagen,26000.5
New Castle Ford Lincoln Mercury,Grand Am,Pontiac,19000.25
New Castle Ford Lincoln Mercury,Grand Cherokee,Jeep,23900.0
New Castle Ford Lincoln Mercury,Grand Marquis,Mercury,21857.071428571428
New Castle Ford Lincoln Mercury,Grand Prix,Pontiac,40299.625
New Castle Ford Lincoln Mercury,I30,Infiniti,36083.333333333336
New Castle Ford Lincoln Mercury,Impala,Chevrolet,22000.0
New Castle Ford Lincoln Mercury,Integra,Acura,45000.0
New Castle Ford Lincoln Mercury,Intrepid,Dodge,11250.0
New Castle Ford Lincoln Mercury,Intrigue,Oldsmobile,38730.2
New Castle Ford Lincoln Mercury,Jetta,Volkswagen,30818.18181818182
New Castle Ford Lincoln Mercury,LHS,Chrysler,28156.375
New Castle Ford Lincoln Mercury,LS,Saturn,37625.25
New Castle Ford Lincoln Mercury,LS400,Lexus,35642.57142857143
New Castle Ford Lincoln Mercury,LW,Saturn,30500.4
New Castle Ford Lincoln Mercury,LX470,Lexus,38000.5
New Castle Ford Lincoln Mercury,Land Cruiser,Toyota,21200.0
New Castle Ford Lincoln Mercury,LeSabre,Buick,20000.0
New Castle Ford Lincoln Mercury,Lumina,Chevrolet,42000.0
New Castle Ford Lincoln Mercury,M-Class,Mercedes-B,27250.5
New Castle Ford Lincoln Mercury,Malibu,Chevrolet,40499.916666666664
New Castle Ford Lincoln Mercury,Maxima,Nissan,20333.333333333332
New Castle Ford Lincoln Mercury,Metro,Chevrolet,20625.0
New Castle Ford Lincoln Mercury,Mirage,Mitsubishi,9500.0
New Castle Ford Lincoln Mercury,Monte Carlo,Chevrolet,32500.25
New Castle Ford Lincoln Mercury,Montero,Mitsubishi,16000.333333333334
New Castle Ford Lincoln Mercury,Montero Sport,Mitsubishi,40917.333333333336
New Castle Ford Lincoln Mercury,Mountaineer,Mercury,21000.0
New Castle Ford Lincoln Mercury,Mustang,Ford,26180.2
New Castle Ford Lincoln Mercury,Mystique,Mercury,19000.5
New Castle Ford Lincoln Mercury,Navigator,Lincoln,28500.333333333332
New Castle Ford Lincoln Mercury,Neon,Dodge,19000.0
New Castle Ford Lincoln Mercury,Neon,Plymouth,24625.0
New Castle Ford Lincoln Mercury,Outback,Subaru,36833.666666666664
New Castle Ford Lincoln Mercury,Park Avenue,Buick,38389.6
New Castle Ford Lincoln Mercury,Passat,Volkswagen,20344.69230769231
New Castle Ford Lincoln Mercury,Passport,Honda,21300.2
New Castle Ford Lincoln Mercury,Pathfinder,Nissan,38999.375
New Castle Ford Lincoln Mercury,Prizm,Chevrolet,25950.2
New Castle Ford Lincoln Mercury,Prowler,Plymouth,28999.625
New Castle Ford Lincoln Mercury,Quest,Nissan,29833.666666666668
New Castle Ford Lincoln Mercury,RAV4,Toyota,35666.166666666664
New Castle Ford Lincoln Mercury,RL,Acura,27115.923076923078
New Castle Ford Lincoln Mercury,Ram Pickup,Dodge,28111.444444444445
New Castle Ford Lincoln Mercury,Ram Van,Dodge,57998.5
New Castle Ford Lincoln Mercury,Ram Wagon,Dodge,22250.0
New Castle Ford Lincoln Mercury,Ranger,Ford,21500.0
New Castle Ford Lincoln Mercury,Regal,Buick,45000.5
New Castle Ford Lincoln Mercury,S-Class,Mercedes-B,17600.2
New Castle Ford Lincoln Mercury,S-Type,Jaguar,25875.25
New Castle Ford Lincoln Mercury,S40,Volvo,29730.2
New Castle Ford Lincoln Mercury,S70,Volvo,24200.2
New Castle Ford Lincoln Mercury,S80,Volvo,25000.333333333332
New Castle Ford Lincoln Mercury,SC,Saturn,45624.5
New Castle Ford Lincoln Mercury,SL,Saturn,15750.5
New Castle Ford Lincoln Mercury,SL-Class,Mercedes-B,23000.166666666668
New Castle Ford Lincoln Mercury,SLK,Mercedes-B,21420.4
New Castle Ford Lincoln Mercury,SLK230,Mercedes-B,17820.4
New Castle Ford Lincoln Mercury,SW,Saturn,27875.5
New Castle Ford Lincoln Mercury,Sable,Mercury,34833.666666666664
New Castle Ford Lincoln Mercury,Sebring Coupe,Chrysler,23140.0
New Castle Ford Lincoln Mercury,Sentra,Nissan,16001.0
New Castle Ford Lincoln Mercury,Seville,Cadillac,19501.0
New Castle Ford Lincoln Mercury,Sienna,Toyota,23333.555555555555
New Castle Ford Lincoln Mercury,Silhouette,Oldsmobile,33299.65
New Castle Ford Lincoln Mercury,Sonata,Hyundai,18500.5
New Castle Ford Lincoln Mercury,Stratus,Dodge,29500.25
New Castle Ford Lincoln Mercury,Sunfire,Pontiac,34050.166666666664
New Castle Ford Lincoln Mercury,TL,Acura,23922.444444444445
New Castle Ford Lincoln Mercury,Tacoma,Toyota,30000.0
New Castle Ford Lincoln Mercury,Taurus,Ford,52999.0
New Castle Ford Lincoln Mercury,Town & Country,Chrysler,42500.0
New Castle Ford Lincoln Mercury,Town car,Lincoln,17166.833333333332
New Castle Ford Lincoln Mercury,V70,Volvo,39000.0
New Castle Ford Lincoln Mercury,Villager,Mercury,19100.166666666668
New Castle Ford Lincoln Mercury,Viper,Dodge,29340.2
New Castle Ford Lincoln Mercury,Voyager,Plymouth,18500.0
New Castle Ford Lincoln Mercury,Windstar,Ford,23000.0
New Castle Ford Lincoln Mercury,Wrangler,Jeep,16000.5
New Castle Ford Lincoln Mercury,Xterra,Nissan,18875.5
Pars Auto Sales,3-Sep,Saab,49998.875
Pars Auto Sales,3000GT,Mitsubishi,22833.5
Pars Auto Sales,300M,Chrysler,20333.5
Pars Auto Sales,323i,BMW,19428.714285714286
Pars Auto Sales,328i,BMW,24499.75
Pars Auto Sales,4Runner,Toyota,35000.0
Pars Auto Sales,528i,BMW,25514.714285714286
Pars Auto Sales,A4,Audi,23251.0
Pars Auto Sales,A6,Audi,25122.777777777777
Pars Auto Sales,A8,Audi,44000.5
Pars Auto Sales,Accord,Honda,35000.333333333336
Pars Auto Sales,Altima,Nissan,20001.0
Pars Auto Sales,Aurora,Oldsmobile,49623.875
Pars Auto Sales,Avalon,Toyota,18000.0
Pars Auto Sales,Avenger,Dodge,22000.0
Pars Auto Sales,Beetle,Volkswagen,29333.666666666668
Pars Auto Sales,Bonneville,Pontiac,23500.25
Pars Auto Sales,Bravada,Oldsmobile,22286.0
Pars Auto Sales,Breeze,Plymouth,34400.0
Pars Auto Sales,C-Class,Mercedes-B,14500.0
Pars Auto Sales,C70,Volvo,17800.4
Pars Auto Sales,CL500,Mercedes-B,25500.0
Pars Auto Sales,CLK Coupe,Mercedes-B,22000.0
Pars Auto Sales,CR-V,Honda,26785.85714285714
Pars Auto Sales,Cabrio,Volkswagen,19266.666666666668
Pars Auto Sales,Camaro,Chevrolet,30750.25
Pars Auto Sales,Camry,Toyota,32200.0
Pars Auto Sales,Caravan,Dodge,25200.6
Pars Auto Sales,Carrera Cabrio,Porsche,29500.0
Pars Auto Sales,Carrera Coupe,Porsche,22750.25
Pars Auto Sales,Catera,Cadillac,28000.0
Pars Auto Sales,Cavalier,Chevrolet,22667.0
Pars Auto Sales,Celica,Toyota,23200.0
Pars Auto Sales,Century,Buick,17000.5
Pars Auto Sales,Cherokee,Jeep,25300.0
Pars Auto Sales,Cirrus,Chrysler,12001.0
Pars Auto Sales,Civic,Honda,43500.0
Pars Auto Sales,Concorde,Chrysler,35067.0
Pars Auto Sales,Continental,Lincoln,35385.5
Pars Auto Sales,Contour,Ford,38499.416666666664
Pars Auto Sales,Corolla,Toyota,22000.0
Pars Auto Sales,Corvette,Chevrolet,32850.3
Pars Auto Sales,Cougar,Mercury,31325.5
Pars Auto Sales,Crown Victoria,Ford,27583.666666666668
Pars Auto Sales,Cutlass,Oldsmobile,31700.0
Pars Auto Sales,Dakota,Dodge,21001.0
Pars Auto Sales,DeVille,Cadillac,22250.5
Pars Auto Sales,Diamante,Mitsubishi,20550.4
Pars Auto Sales,Durango,Dodge,23683.833333333332
Pars Auto Sales,E-Class,Mercedes-B,23000.0
Pars Auto Sales,ES300,Lexus,25833.333333333332
Pars Auto Sales,Eclipse,Mitsubishi,18500.0
Pars Auto Sales,Elantra,Hyundai,22501.0
Pars Auto Sales,Eldorado,Cadillac,51248.875
Pars Auto Sales,Escalade,Cadillac,32357.428571428572
Pars Auto Sales,Escort,Ford,15000.0
Pars Auto Sales,Expedition,Ford,28416.833333333332
Pars Auto Sales,Explorer,Ford,34786.142857142855
Pars Auto Sales,F-Series,Ford,13500.0
Pars Auto Sales,Firebird,Pontiac,43166.666666666664
Pars Auto Sales,Focus,Ford,33000.5
Pars Auto Sales,Forester,Subaru,21000.0
Pars Auto Sales,Frontier,Nissan,23312.75
Pars Auto Sales,GS300,Lexus,51000.0
Pars Auto Sales,GS400,Lexus,23400.2
Pars Auto Sales,GTI,Volkswagen,24333.666666666668
Pars Auto Sales,Galant,Mitsubishi,36100.0
Pars Auto Sales,Golf,Volkswagen,20000.666666666668
Pars Auto Sales,Grand Am,Pontiac,24733.666666666668
Pars Auto Sales,Grand Cherokee,Jeep,16625.5
Pars Auto Sales,Grand Marquis,Mercury,27791.458333333332
Pars Auto Sales,Grand Prix,Pontiac,29199.875
Pars Auto Sales,I30,Infiniti,26600.2
Pars Auto Sales,Impala,Chevrolet,14501.0
Pars Auto Sales,Intrepid,Dodge,11000.5
Pars Auto Sales,Intrigue,Oldsmobile,43776.4
Pars Auto Sales,Jetta,Volkswagen,29593.8125
Pars Auto Sales,LHS,Chrysler,32375.25
Pars Auto Sales,LS,Saturn,38750.75
Pars Auto Sales,LS400,Lexus,42333.25
Pars Auto Sales,LW,Saturn,18166.666666666668
Pars Auto Sales,LX470,Lexus,33400.2
Pars Auto Sales,Land Cruiser,Toyota,25000.666666666668
Pars Auto Sales,LeSabre,Buick,20000.0
Pars Auto Sales,Lumina,Chevrolet,26800.4
Pars Auto Sales,M-Class,Mercedes-B,22666.666666666668
Pars Auto Sales,Malibu,Chevrolet,31609.18181818182
Pars Auto Sales,Maxima,Nissan,26667.0
Pars Auto Sales,Metro,Chevrolet,22833.666666666668
Pars Auto Sales,Monte Carlo,Chevrolet,25750.25
Pars Auto Sales,Montero Sport,Mitsubishi,29416.833333333332
Pars Auto Sales,Mountaineer,Mercury,21000.5
Pars Auto Sales,Mustang,Ford,32650.0
Pars Auto Sales,Mystique,Mercury,9500.0
Pars Auto Sales,Navigator,Lincoln,26000.0
Pars Auto Sales,Neon,Plymouth,23325.0
Pars Auto Sales,Outback,Subaru,31667.0
Pars Auto Sales,Park Avenue,Buick,23001.0
Pars Auto Sales,Passat,Volkswagen,19878.714285714286
Pars Auto Sales,Passport,Honda,25333.666666666668
Pars Auto Sales,Pathfinder,Nissan,28500.2
Pars Auto Sales,Prizm,Chevrolet,21327.636363636364
Pars Auto Sales,Prowler,Plymouth,29689.833333333332
Pars Auto Sales,Quest,Nissan,19000.0
Pars Auto Sales,RAV4,Toyota,27500.333333333332
Pars Auto Sales,RL,Acura,21863.727272727272
Pars Auto Sales,RX300,Lexus,18000.0
Pars Auto Sales,Ram Pickup,Dodge,25520.3
Pars Auto Sales,Ram Van,Dodge,15001.0
Pars Auto Sales,Ram Wagon,Dodge,20500.25
Pars Auto Sales,Ranger,Ford,18250.5
Pars Auto Sales,Regal,Buick,30680.0
Pars Auto Sales,S-Class,Mercedes-B,27841.333333333332
Pars Auto Sales,S-Type,Jaguar,16000.0
Pars Auto Sales,S40,Volvo,26420.2
Pars Auto Sales,S70,Volvo,25833.833333333332
Pars Auto Sales,SC,Saturn,33999.625
Pars Auto Sales,SL,Saturn,20000.0
Pars Auto Sales,SL-Class,Mercedes-B,35000.0
Pars Auto Sales,SLK,Mercedes-B,20000.0
Pars Auto Sales,SLK230,Mercedes-B,45549.25
Pars Auto Sales,SW,Saturn,25100.0
Pars Auto Sales,Sable,Mercury,45366.833333333336
Pars Auto Sales,Sebring Conv.,Chrysler,16500.0
Pars Auto Sales,Sebring Coupe,Chrysler,31200.0
Pars Auto Sales,Seville,Cadillac,44751.0
Pars Auto Sales,Sienna,Toyota,14000.5
Pars Auto Sales,Silhouette,Oldsmobile,38617.59090909091
Pars Auto Sales,Sonata,Hyundai,16000.25
Pars Auto Sales,Stratus,Dodge,34001.0
Pars Auto Sales,Sunfire,Pontiac,35000.2
Pars Auto Sales,TL,Acura,19167.0
Pars Auto Sales,Tacoma,Toyota,42499.9
Pars Auto Sales,Taurus,Ford,31499.7
Pars Auto Sales,Town & Country,Chrysler,17000.5
Pars Auto Sales,Town car,Lincoln,24000.5
Pars Auto Sales,V40,Volvo,18100.0
Pars Auto Sales,Villager,Mercury,19333.333333333332
Pars Auto Sales,Viper,Dodge,33000.2
Pars Auto Sales,Voyager,Plymouth,26100.1
Pars Auto Sales,Windstar,Ford,18667.0
Pars Auto Sales,Wrangler,Jeep,18700.2
Pars Auto Sales,Xterra,Nissan,9000.0
Pitre Buick-Pontiac-Gmc of Scottsdale,3-Sep,Saab,24625.25
Pitre Buick-Pontiac-Gmc of Scottsdale,3000GT,Mitsubishi,20667.333333333332
Pitre Buick-Pontiac-Gmc of Scottsdale,300M,Chrysler,19083.833333333332
Pitre Buick-Pontiac-Gmc of Scottsdale,323i,BMW,19083.833333333332
Pitre Buick-Pontiac-Gmc of Scottsdale,328i,BMW,18625.0
Pitre Buick-Pontiac-Gmc of Scottsdale,4Runner,Toyota,35000.0
Pitre Buick-Pontiac-Gmc of Scottsdale,5-Sep,Saab,28501.0
Pitre Buick-Pontiac-Gmc of Scottsdale,528i,BMW,29300.0
Pitre Buick-Pontiac-Gmc of Scottsdale,A4,Audi,12000.0
Pitre Buick-Pontiac-Gmc of Scottsdale,A6,Audi,18555.555555555555
Pitre Buick-Pontiac-Gmc of Scottsdale,Accent,Hyundai,18001.0
Pitre Buick-Pontiac-Gmc of Scottsdale,Accord,Honda,25248.363636363636
Pitre Buick-Pontiac-Gmc of Scottsdale,Altima,Nissan,20000.0
Pitre Buick-Pontiac-Gmc of Scottsdale,Aurora,Oldsmobile,29050.0
Pitre Buick-Pontiac-Gmc of Scottsdale,Avenger,Dodge,20500.25
Pitre Buick-Pontiac-Gmc of Scottsdale,Beetle,Volkswagen,45250.5
Pitre Buick-Pontiac-Gmc of Scottsdale,Bonneville,Pontiac,23071.85714285714
Pitre Buick-Pontiac-Gmc of Scottsdale,Boxter,Porsche,22000.25
Pitre Buick-Pontiac-Gmc of Scottsdale,Bravada,Oldsmobile,24440.428571428572
Pitre Buick-Pontiac-Gmc of Scottsdale,Breeze,Plymouth,22250.0
Pitre Buick-Pontiac-Gmc of Scottsdale,C-Class,Mercedes-B,14840.2
Pitre Buick-Pontiac-Gmc of Scottsdale,C70,Volvo,25625.0
Pitre Buick-Pontiac-Gmc of Scottsdale,CL500,Mercedes-B,22000.0
Pitre Buick-Pontiac-Gmc of Scottsdale,CR-V,Honda,26500.0
Pitre Buick-Pontiac-Gmc of Scottsdale,Cabrio,Volkswagen,19366.666666666668
Pitre Buick-Pontiac-Gmc of Scottsdale,Camaro,Chevrolet,20500.5
Pitre Buick-Pontiac-Gmc of Scottsdale,Camry,Toyota,31333.666666666668
Pitre Buick-Pontiac-Gmc of Scottsdale,Caravan,Dodge,22000.166666666668
Pitre Buick-Pontiac-Gmc of Scottsdale,Carrera Cabrio,Porsche,32000.0
Pitre Buick-Pontiac-Gmc of Scottsdale,Carrera Coupe,Porsche,20500.5
Pitre Buick-Pontiac-Gmc of Scottsdale,Catera,Cadillac,57998.5
Pitre Buick-Pontiac-Gmc of Scottsdale,Cavalier,Chevrolet,21100.0
Pitre Buick-Pontiac-Gmc of Scottsdale,Celica,Toyota,28166.666666666668
Pitre Buick-Pontiac-Gmc of Scottsdale,Century,Buick,17000.0
Pitre Buick-Pontiac-Gmc of Scottsdale,Cherokee,Jeep,22900.2
Pitre Buick-Pontiac-Gmc of Scottsdale,Civic,Honda,35250.5
Pitre Buick-Pontiac-Gmc of Scottsdale,Concorde,Chrysler,25300.2
Pitre Buick-Pontiac-Gmc of Scottsdale,Continental,Lincoln,25125.5
Pitre Buick-Pontiac-Gmc of Scottsdale,Contour,Ford,57998.5
Pitre Buick-Pontiac-Gmc of Scottsdale,Corolla,Toyota,37300.6
Pitre Buick-Pontiac-Gmc of Scottsdale,Corvette,Chevrolet,29786.0
Pitre Buick-Pontiac-Gmc of Scottsdale,Cougar,Mercury,28000.0
Pitre Buick-Pontiac-Gmc of Scottsdale,Crown Victoria,Ford,20000.0
Pitre Buick-Pontiac-Gmc of Scottsdale,Cutlass,Oldsmobile,43000.2
Pitre Buick-Pontiac-Gmc of Scottsdale,Dakota,Dodge,21000.666666666668
Pitre Buick-Pontiac-Gmc of Scottsdale,DeVille,Cadillac,45999.333333333336
Pitre Buick-Pontiac-Gmc of Scottsdale,Diamante,Mitsubishi,22250.3
Pitre Buick-Pontiac-Gmc of Scottsdale,Durango,Dodge,24555.666666666668
Pitre Buick-Pontiac-Gmc of Scottsdale,E-Class,Mercedes-B,31000.0
Pitre Buick-Pontiac-Gmc of Scottsdale,ES300,Lexus,27000.5
Pitre Buick-Pontiac-Gmc of Scottsdale,Eclipse,Mitsubishi,26466.666666666668
Pitre Buick-Pontiac-Gmc of Scottsdale,Elantra,Hyundai,23175.25
Pitre Buick-Pontiac-Gmc of Scottsdale,Eldorado,Cadillac,46799.3
Pitre Buick-Pontiac-Gmc of Scottsdale,Escalade,Cadillac,28900.333333333332
Pitre Buick-Pontiac-Gmc of Scottsdale,Escort,Ford,13000.5
Pitre Buick-Pontiac-Gmc of Scottsdale,Expedition,Ford,17333.333333333332
Pitre Buick-Pontiac-Gmc of Scottsdale,Explorer,Ford,41625.5
Pitre Buick-Pontiac-Gmc of Scottsdale,F-Series,Ford,19250.0
Pitre Buick-Pontiac-Gmc of Scottsdale,Firebird,Pontiac,43000.0
Pitre Buick-Pontiac-Gmc of Scottsdale,Focus,Ford,17000.0
Pitre Buick-Pontiac-Gmc of Scottsdale,Forester,Subaru,23840.4
Pitre Buick-Pontiac-Gmc of Scottsdale,Frontier,Nissan,39900.4
Pitre Buick-Pontiac-Gmc of Scottsdale,GS300,Lexus,17000.5
Pitre Buick-Pontiac-Gmc of Scottsdale,GS400,Lexus,30000.166666666668
Pitre Buick-Pontiac-Gmc of Scottsdale,GTI,Volkswagen,21666.666666666668
Pitre Buick-Pontiac-Gmc of Scottsdale,Galant,Mitsubishi,40850.25
Pitre Buick-Pontiac-Gmc of Scottsdale,Golf,Volkswagen,23350.333333333332
Pitre Buick-Pontiac-Gmc of Scottsdale,Grand Am,Pontiac,19167.0
Pitre Buick-Pontiac-Gmc of Scottsdale,Grand Cherokee,Jeep,28500.0
Pitre Buick-Pontiac-Gmc of Scottsdale,Grand Marquis,Mercury,14792.0
Pitre Buick-Pontiac-Gmc of Scottsdale,Grand Prix,Pontiac,39239.4
Pitre Buick-Pontiac-Gmc of Scottsdale,I30,Infiniti,43450.25
Pitre Buick-Pontiac-Gmc of Scottsdale,Impala,Chevrolet,21500.5
Pitre Buick-Pontiac-Gmc of Scottsdale,Integra,Acura,45000.0
Pitre Buick-Pontiac-Gmc of Scottsdale,Intrepid,Dodge,24334.0
Pitre Buick-Pontiac-Gmc of Scottsdale,Intrigue,Oldsmobile,35300.6
Pitre Buick-Pontiac-Gmc of Scottsdale,Jetta,Volkswagen,27615.15
Pitre Buick-Pontiac-Gmc of Scottsdale,LHS,Chrysler,31470.1
Pitre Buick-Pontiac-Gmc of Scottsdale,LS,Saturn,41375.0
Pitre Buick-Pontiac-Gmc of Scottsdale,LS400,Lexus,34844.27777777778
Pitre Buick-Pontiac-Gmc of Scottsdale,LW,Saturn,21210.2
Pitre Buick-Pontiac-Gmc of Scottsdale,LX470,Lexus,44250.5
Pitre Buick-Pontiac-Gmc of Scottsdale,Land Cruiser,Toyota,12000.0
Pitre Buick-Pontiac-Gmc of Scottsdale,LeSabre,Buick,20000.0
Pitre Buick-Pontiac-Gmc of Scottsdale,M-Class,Mercedes-B,29857.14285714286
Pitre Buick-Pontiac-Gmc of Scottsdale,Malibu,Chevrolet,36500.5
Pitre Buick-Pontiac-Gmc of Scottsdale,Maxima,Nissan,32867.333333333336
Pitre Buick-Pontiac-Gmc of Scottsdale,Metro,Chevrolet,20545.545454545456
Pitre Buick-Pontiac-Gmc of Scottsdale,Mirage,Mitsubishi,9000.0
Pitre Buick-Pontiac-Gmc of Scottsdale,Monte Carlo,Chevrolet,28000.25
Pitre Buick-Pontiac-Gmc of Scottsdale,Montero,Mitsubishi,16000.0
Pitre Buick-Pontiac-Gmc of Scottsdale,Montero Sport,Mitsubishi,40111.22222222222
Pitre Buick-Pontiac-Gmc of Scottsdale,Mountaineer,Mercury,21166.666666666668
Pitre Buick-Pontiac-Gmc of Scottsdale,Mustang,Ford,26583.666666666668
Pitre Buick-Pontiac-Gmc of Scottsdale,Mystique,Mercury,29500.0
Pitre Buick-Pontiac-Gmc of Scottsdale,Navigator,Lincoln,23666.833333333332
Pitre Buick-Pontiac-Gmc of Scottsdale,Neon,Plymouth,24071.571428571428
Pitre Buick-Pontiac-Gmc of Scottsdale,Odyssey,Honda,40500.25
Pitre Buick-Pontiac-Gmc of Scottsdale,Outback,Subaru,34001.0
Pitre Buick-Pontiac-Gmc of Scottsdale,Park Avenue,Buick,39399.4
Pitre Buick-Pontiac-Gmc of Scottsdale,Passat,Volkswagen,18111.777777777777
Pitre Buick-Pontiac-Gmc of Scottsdale,Passport,Honda,21240.4
Pitre Buick-Pontiac-Gmc of Scottsdale,Pathfinder,Nissan,18167.0
Pitre Buick-Pontiac-Gmc of Scottsdale,Prizm,Chevrolet,22850.2
Pitre Buick-Pontiac-Gmc of Scottsdale,Prowler,Plymouth,25999.625
Pitre Buick-Pontiac-Gmc of Scottsdale,Quest,Nissan,19000.0
Pitre Buick-Pontiac-Gmc of Scottsdale,RAV4,Toyota,28000.0
Pitre Buick-Pontiac-Gmc of Scottsdale,RL,Acura,24100.2
Pitre Buick-Pontiac-Gmc of Scottsdale,Ram Pickup,Dodge,22756.375
Pitre Buick-Pontiac-Gmc of Scottsdale,Ram Van,Dodge,35666.166666666664
Pitre Buick-Pontiac-Gmc of Scottsdale,Ram Wagon,Dodge,22000.333333333332
Pitre Buick-Pontiac-Gmc of Scottsdale,Ranger,Ford,35399.4
Pitre Buick-Pontiac-Gmc of Scottsdale,Regal,Buick,32500.0
Pitre Buick-Pontiac-Gmc of Scottsdale,S-Class,Mercedes-B,26400.4
Pitre Buick-Pontiac-Gmc of Scottsdale,S-Type,Jaguar,25750.0
Pitre Buick-Pontiac-Gmc of Scottsdale,S40,Volvo,28600.2
Pitre Buick-Pontiac-Gmc of Scottsdale,S70,Volvo,20000.0
Pitre Buick-Pontiac-Gmc of Scottsdale,S80,Volvo,21166.666666666668
Pitre Buick-Pontiac-Gmc of Scottsdale,SC,Saturn,41499.5
Pitre Buick-Pontiac-Gmc of Scottsdale,SL,Saturn,15500.5
Pitre Buick-Pontiac-Gmc of Scottsdale,SL-Class,Mercedes-B,23875.25
Pitre Buick-Pontiac-Gmc of Scottsdale,SLK,Mercedes-B,18000.0
Pitre Buick-Pontiac-Gmc of Scottsdale,SLK230,Mercedes-B,57998.5
Pitre Buick-Pontiac-Gmc of Scottsdale,SW,Saturn,30500.0
Pitre Buick-Pontiac-Gmc of Scottsdale,Sable,Mercury,37250.375
Pitre Buick-Pontiac-Gmc of Scottsdale,Sebring Coupe,Chrysler,25750.25
Pitre Buick-Pontiac-Gmc of Scottsdale,Sentra,Nissan,16000.5
Pitre Buick-Pontiac-Gmc of Scottsdale,Sienna,Toyota,26001.0
Pitre Buick-Pontiac-Gmc of Scottsdale,Silhouette,Oldsmobile,23375.291666666668
Pitre Buick-Pontiac-Gmc of Scottsdale,Sonata,Hyundai,18860.4
Pitre Buick-Pontiac-Gmc of Scottsdale,Stratus,Dodge,28000.0
Pitre Buick-Pontiac-Gmc of Scottsdale,Sunfire,Pontiac,30500.166666666668
Pitre Buick-Pontiac-Gmc of Scottsdale,TL,Acura,22500.0
Pitre Buick-Pontiac-Gmc of Scottsdale,Tacoma,Toyota,40400.4
Pitre Buick-Pontiac-Gmc of Scottsdale,Taurus,Ford,31399.7
Pitre Buick-Pontiac-Gmc of Scottsdale,Town car,Lincoln,17500.25
Pitre Buick-Pontiac-Gmc of Scottsdale,V70,Volvo,39001.0
Pitre Buick-Pontiac-Gmc of Scottsdale,Villager,Mercury,21671.85714285714
Pitre Buick-Pontiac-Gmc of Scottsdale,Viper,Dodge,32375.25
Pitre Buick-Pontiac-Gmc of Scottsdale,Voyager,Plymouth,28000.125
Pitre Buick-Pontiac-Gmc of Scottsdale,Windstar,Ford,22333.333333333332
Pitre Buick-Pontiac-Gmc of Scottsdale,Wrangler,Jeep,29249.625
Pitre Buick-Pontiac-Gmc of Scottsdale,Xterra,Nissan,26000.333333333332
Progressive Shippers Cooperative Association No,3-Sep,Saab,41943.72222222222
Progressive Shippers Cooperative Association No,3000GT,Mitsubishi,21905.190476190477
Progressive Shippers Cooperative Association No,300M,Chrysler,23183.833333333332
Progressive Shippers Cooperative Association No,323i,BMW,18506.8
Progressive Shippers Cooperative Association No,328i,BMW,29138.26923076923
Progressive Shippers Cooperative Association No,4Runner,Toyota,30200.5
Progressive Shippers Cooperative Association No,5-Sep,Saab,32333.333333333332
Progressive Shippers Cooperative Association No,528i,BMW,27000.136363636364
Progressive Shippers Cooperative Association No,A4,Audi,23287.75
Progressive Shippers Cooperative Association No,A6,Audi,21633.6
Progressive Shippers Cooperative Association No,A8,Audi,44000.333333333336
Progressive Shippers Cooperative Association No,Accent,Hyundai,18000.0
Progressive Shippers Cooperative Association No,Accord,Honda,34940.0
Progressive Shippers Cooperative Association No,Altima,Nissan,21000.0
Progressive Shippers Cooperative Association No,Aurora,Oldsmobile,53198.8
Progressive Shippers Cooperative Association No,Avalon,Toyota,18000.0
Progressive Shippers Cooperative Association No,Avenger,Dodge,26250.0
Progressive Shippers Cooperative Association No,Beetle,Volkswagen,37083.833333333336
Progressive Shippers Cooperative Association No,Bonneville,Pontiac,20850.0
Progressive Shippers Cooperative Association No,Boxter,Porsche,14000.0
Progressive Shippers Cooperative Association No,Bravada,Oldsmobile,21729.25
Progressive Shippers Cooperative Association No,Breeze,Plymouth,39200.0
Progressive Shippers Cooperative Association No,C-Class,Mercedes-B,13791.75
Progressive Shippers Cooperative Association No,C70,Volvo,31967.470588235294
Progressive Shippers Cooperative Association No,CL500,Mercedes-B,26125.5
Progressive Shippers Cooperative Association No,CLK Coupe,Mercedes-B,22000.0
Progressive Shippers Cooperative Association No,CR-V,Honda,22929.14285714286
Progressive Shippers Cooperative Association No,Cabrio,Volkswagen,18562.75
Progressive Shippers Cooperative Association No,Camaro,Chevrolet,31600.0
Progressive Shippers Cooperative Association No,Camry,Toyota,31357.5
Progressive Shippers Cooperative Association No,Caravan,Dodge,30750.166666666668
Progressive Shippers Cooperative Association No,Carrera Cabrio,Porsche,25143.0
Progressive Shippers Cooperative Association No,Carrera Coupe,Porsche,22404.5
Progressive Shippers Cooperative Association No,Catera,Cadillac,33999.9
Progressive Shippers Cooperative Association No,Cavalier,Chevrolet,19730.2
Progressive Shippers Cooperative Association No,Celica,Toyota,20966.777777777777
Progressive Shippers Cooperative Association No,Century,Buick,17000.333333333332
Progressive Shippers Cooperative Association No,Cherokee,Jeep,25000.25
Progressive Shippers Cooperative Association No,Cirrus,Chrysler,12000.0
Progressive Shippers Cooperative Association No,Civic,Honda,39900.2
Progressive Shippers Cooperative Association No,Concorde,Chrysler,29100.2
Progressive Shippers Cooperative Association No,Continental,Lincoln,36512.75
Progressive Shippers Cooperative Association No,Contour,Ford,19125.0
Progressive Shippers Cooperative Association No,Corolla,Toyota,18000.0
Progressive Shippers Cooperative Association No,Corvette,Chevrolet,34123.76470588235
Progressive Shippers Cooperative Association No,Cougar,Mercury,30500.1
Progressive Shippers Cooperative Association No,Crown Victoria,Ford,26862.75
Progressive Shippers Cooperative Association No,Cutlass,Oldsmobile,32500.0
Progressive Shippers Cooperative Association No,Dakota,Dodge,21000.0
Progressive Shippers Cooperative Association No,DeVille,Cadillac,30999.875
Progressive Shippers Cooperative Association No,Diamante,Mitsubishi,22382.91304347826
Progressive Shippers Cooperative Association No,Durango,Dodge,22115.69230769231
Progressive Shippers Cooperative Association No,E-Class,Mercedes-B,25722.333333333332
Progressive Shippers Cooperative Association No,ES300,Lexus,25400.2
Progressive Shippers Cooperative Association No,Eclipse,Mitsubishi,19125.25
Progressive Shippers Cooperative Association No,Eldorado,Cadillac,32595.666666666668
Progressive Shippers Cooperative Association No,Escalade,Cadillac,31860.3
Progressive Shippers Cooperative Association No,Escort,Ford,14450.25
Progressive Shippers Cooperative Association No,Expedition,Ford,23690.666666666668
Progressive Shippers Cooperative Association No,Explorer,Ford,28623.533333333333
Progressive Shippers Cooperative Association No,F-Series,Ford,22000.0
Progressive Shippers Cooperative Association No,Firebird,Pontiac,43100.2
Progressive Shippers Cooperative Association No,Focus,Ford,37464.42857142857
Progressive Shippers Cooperative Association No,Forester,Subaru,22736.454545454544
Progressive Shippers Cooperative Association No,Frontier,Nissan,24154.727272727272
Progressive Shippers Cooperative Association No,GS300,Lexus,34125.0
Progressive Shippers Cooperative Association No,GS400,Lexus,23500.3
Progressive Shippers Cooperative Association No,GTI,Volkswagen,25600.3
Progressive Shippers Cooperative Association No,Galant,Mitsubishi,36088.0
Progressive Shippers Cooperative Association No,Golf,Volkswagen,25750.25
Progressive Shippers Cooperative Association No,Grand Am,Pontiac,23600.285714285714
Progressive Shippers Cooperative Association No,Grand Cherokee,Jeep,16625.375
Progressive Shippers Cooperative Association No,Grand Marquis,Mercury,37421.71875
Progressive Shippers Cooperative Association No,Grand Prix,Pontiac,25571.85714285714
Progressive Shippers Cooperative Association No,I30,Infiniti,24372.333333333332
Progressive Shippers Cooperative Association No,Impala,Chevrolet,14167.0
Progressive Shippers Cooperative Association No,Integra,Acura,45000.0
Progressive Shippers Cooperative Association No,Intrepid,Dodge,11000.0
Progressive Shippers Cooperative Association No,Intrigue,Oldsmobile,41357.28571428572
Progressive Shippers Cooperative Association No,Jetta,Volkswagen,30138.833333333332
Progressive Shippers Cooperative Association No,LHS,Chrysler,28168.9375
Progressive Shippers Cooperative Association No,LS,Saturn,36666.666666666664
Progressive Shippers Cooperative Association No,LS400,Lexus,37219.096153846156
Progressive Shippers Cooperative Association No,LW,Saturn,16333.5
Progressive Shippers Cooperative Association No,LX470,Lexus,36250.25
Progressive Shippers Cooperative Association No,Land Cruiser,Toyota,21600.4
Progressive Shippers Cooperative Association No,Lumina,Chevrolet,19815.545454545456
Progressive Shippers Cooperative Association No,M-Class,Mercedes-B,23612.75
Progressive Shippers Cooperative Association No,Malibu,Chevrolet,33265.89473684211
Progressive Shippers Cooperative Association No,Maxima,Nissan,24750.333333333332
Progressive Shippers Cooperative Association No,Metro,Chevrolet,23275.0
Progressive Shippers Cooperative Association No,Monte Carlo,Chevrolet,22430.4
Progressive Shippers Cooperative Association No,Montero,Mitsubishi,16000.0
Progressive Shippers Cooperative Association No,Montero Sport,Mitsubishi,35322.555555555555
Progressive Shippers Cooperative Association No,Mountaineer,Mercury,21001.0
Progressive Shippers Cooperative Association No,Mustang,Ford,31818.454545454544
Progressive Shippers Cooperative Association No,Mystique,Mercury,19125.5
Progressive Shippers Cooperative Association No,Navigator,Lincoln,26333.666666666668
Progressive Shippers Cooperative Association No,Neon,Dodge,19001.0
Progressive Shippers Cooperative Association No,Neon,Plymouth,22230.166666666668
Progressive Shippers Cooperative Association No,Odyssey,Honda,27200.5
Progressive Shippers Cooperative Association No,Outback,Subaru,34166.88888888889
Progressive Shippers Cooperative Association No,Park Avenue,Buick,38214.96153846154
Progressive Shippers Cooperative Association No,Passat,Volkswagen,20148.58064516129
Progressive Shippers Cooperative Association No,Passport,Honda,24928.571428571428
Progressive Shippers Cooperative Association No,Pathfinder,Nissan,28791.708333333332
Progressive Shippers Cooperative Association No,Prizm,Chevrolet,21046.80769230769
Progressive Shippers Cooperative Association No,Prowler,Plymouth,33735.21428571428
Progressive Shippers Cooperative Association No,Quest,Nissan,25650.2
Progressive Shippers Cooperative Association No,RAV4,Toyota,25022.444444444445
Progressive Shippers Cooperative Association No,RL,Acura,23004.36
Progressive Shippers Cooperative Association No,RX300,Lexus,18000.0
Progressive Shippers Cooperative Association No,Ram Pickup,Dodge,26695.956521739132
Progressive Shippers Cooperative Association No,Ram Van,Dodge,24999.75
Progressive Shippers Cooperative Association No,Ram Wagon,Dodge,21250.25
Progressive Shippers Cooperative Association No,Ranger,Ford,29428.428571428572
Progressive Shippers Cooperative Association No,Regal,Buick,31958.5
Progressive Shippers Cooperative Association No,S-Class,Mercedes-B,25038.346153846152
Progressive Shippers Cooperative Association No,S-Type,Jaguar,25323.583333333332
Progressive Shippers Cooperative Association No,S40,Volvo,23255.722222222223
Progressive Shippers Cooperative Association No,S70,Volvo,26800.4
Progressive Shippers Cooperative Association No,S80,Volvo,23150.5
Progressive Shippers Cooperative Association No,SC,Saturn,24770.2
Progressive Shippers Cooperative Association No,SL,Saturn,20000.0
Progressive Shippers Cooperative Association No,SL-Class,Mercedes-B,34000.333333333336
Progressive Shippers Cooperative Association No,SLK,Mercedes-B,31467.909090909092
Progressive Shippers Cooperative Association No,SLK230,Mercedes-B,40999.5
Progressive Shippers Cooperative Association No,SW,Saturn,32333.666666666668
Progressive Shippers Cooperative Association No,Sable,Mercury,39014.0
Progressive Shippers Cooperative Association No,Sebring Conv.,Chrysler,16000.0
Progressive Shippers Cooperative Association No,Sebring Coupe,Chrysler,28480.2
Progressive Shippers Cooperative Association No,Sentra,Nissan,16000.5
Progressive Shippers Cooperative Association No,Seville,Cadillac,39600.2
Progressive Shippers Cooperative Association No,Sienna,Toyota,13600.0
Progressive Shippers Cooperative Association No,Silhouette,Oldsmobile,27619.173076923078
Progressive Shippers Cooperative Association No,Sonata,Hyundai,17416.833333333332
Progressive Shippers Cooperative Association No,Stratus,Dodge,29133.5
Progressive Shippers Cooperative Association No,Sunfire,Pontiac,30550.166666666668
Progressive Shippers Cooperative Association No,TL,Acura,24859.75
Progressive Shippers Cooperative Association No,Tacoma,Toyota,40781.90909090909
Progressive Shippers Cooperative Association No,Taurus,Ford,28332.722222222223
Progressive Shippers Cooperative Association No,Town & Country,Chrysler,17000.333333333332
Progressive Shippers Cooperative Association No,Town car,Lincoln,28500.555555555555
Progressive Shippers Cooperative Association No,V40,Volvo,18000.5
Progressive Shippers Cooperative Association No,V70,Volvo,39000.0
Progressive Shippers Cooperative Association No,Villager,Mercury,17016.833333333332
Progressive Shippers Cooperative Association No,Viper,Dodge,32507.428571428572
Progressive Shippers Cooperative Association No,Voyager,Plymouth,28055.333333333332
Progressive Shippers Cooperative Association No,Windstar,Ford,22666.833333333332
Progressive Shippers Cooperative Association No,Wrangler,Jeep,17650.0
Progressive Shippers Cooperative Association No,Xterra,Nissan,9126.666666666666
Rabun Used Car Sales,3-Sep,Saab,36924.6875
Rabun Used Car Sales,3000GT,Mitsubishi,22318.272727272728
Rabun Used Car Sales,300M,Chrysler,20182.090909090908
Rabun Used Car Sales,323i,BMW,15230.25
Rabun Used Car Sales,328i,BMW,32222.055555555555
Rabun Used Car Sales,4Runner,Toyota,30000.5
Rabun Used Car Sales,5-Sep,Saab,28000.0
Rabun Used Car Sales,528i,BMW,30947.052631578947
Rabun Used Car Sales,A4,Audi,16443.14285714286
Rabun Used Car Sales,A6,Audi,22058.941176470587
Rabun Used Car Sales,A8,Audi,13300.5
Rabun Used Car Sales,Accord,Honda,23059.058823529413
Rabun Used Car Sales,Alero,Oldsmobile,17000.0
Rabun Used Car Sales,Altima,Nissan,20409.545454545456
Rabun Used Car Sales,Aurora,Oldsmobile,28591.18181818182
Rabun Used Car Sales,Avenger,Dodge,22871.571428571428
Rabun Used Car Sales,Beetle,Volkswagen,37100.5
Rabun Used Car Sales,Bonneville,Pontiac,18633.666666666668
Rabun Used Car Sales,Boxter,Porsche,23750.25
Rabun Used Car Sales,Bravada,Oldsmobile,25125.083333333332
Rabun Used Car Sales,Breeze,Plymouth,22714.428571428572
Rabun Used Car Sales,C-Class,Mercedes-B,15000.5
Rabun Used Car Sales,C70,Volvo,27760.2
Rabun Used Car Sales,CL500,Mercedes-B,23157.14285714286
Rabun Used Car Sales,CLK Coupe,Mercedes-B,22001.0
Rabun Used Car Sales,CR-V,Honda,21800.2
Rabun Used Car Sales,Cabrio,Volkswagen,17125.25
Rabun Used Car Sales,Camaro,Chevrolet,29666.666666666668
Rabun Used Car Sales,Camry,Toyota,30866.666666666668
Rabun Used Car Sales,Caravan,Dodge,21150.125
Rabun Used Car Sales,Carrera Coupe,Porsche,20050.1
Rabun Used Car Sales,Catera,Cadillac,57998.5
Rabun Used Car Sales,Cavalier,Chevrolet,22062.666666666668
Rabun Used Car Sales,Celica,Toyota,25300.166666666668
Rabun Used Car Sales,Century,Buick,17000.5
Rabun Used Car Sales,Cherokee,Jeep,25000.0
Rabun Used Car Sales,Cirrus,Chrysler,20266.666666666668
Rabun Used Car Sales,Civic,Honda,33000.28571428572
Rabun Used Car Sales,Concorde,Chrysler,32416.833333333332
Rabun Used Car Sales,Continental,Lincoln,36232.88888888889
Rabun Used Car Sales,Contour,Ford,42399.1
Rabun Used Car Sales,Corolla,Toyota,37917.0
Rabun Used Car Sales,Corvette,Chevrolet,28418.545454545456
Rabun Used Car Sales,Cougar,Mercury,30287.875
Rabun Used Car Sales,Crown Victoria,Ford,23964.18181818182
Rabun Used Car Sales,Cutlass,Oldsmobile,33583.416666666664
Rabun Used Car Sales,Dakota,Dodge,16750.0
Rabun Used Car Sales,DeVille,Cadillac,57998.5
Rabun Used Car Sales,Diamante,Mitsubishi,22190.8125
Rabun Used Car Sales,Durango,Dodge,21933.533333333333
Rabun Used Car Sales,E-Class,Mercedes-B,25666.666666666668
Rabun Used Car Sales,ES300,Lexus,29800.4
Rabun Used Car Sales,Eclipse,Mitsubishi,26143.0
Rabun Used Car Sales,Elantra,Hyundai,24000.0
Rabun Used Car Sales,Eldorado,Cadillac,38926.90909090909
Rabun Used Car Sales,Escalade,Cadillac,30375.125
Rabun Used Car Sales,Escort,Ford,12632.0
Rabun Used Car Sales,Expedition,Ford,18143.14285714286
Rabun Used Car Sales,Explorer,Ford,33357.28571428572
Rabun Used Car Sales,F-Series,Ford,14500.125
Rabun Used Car Sales,Firebird,Pontiac,43000.333333333336
Rabun Used Car Sales,Focus,Ford,29305.666666666668
Rabun Used Car Sales,Forester,Subaru,23111.555555555555
Rabun Used Car Sales,Frontier,Nissan,34512.875
Rabun Used Car Sales,GS300,Lexus,28367.166666666668
Rabun Used Car Sales,GS400,Lexus,30167.222222222223
Rabun Used Car Sales,GTI,Volkswagen,23562.75
Rabun Used Car Sales,Galant,Mitsubishi,42000.0
Rabun Used Car Sales,Golf,Volkswagen,25277.777777777777
Rabun Used Car Sales,Grand Am,Pontiac,15600.166666666666
Rabun Used Car Sales,Grand Cherokee,Jeep,25000.666666666668
Rabun Used Car Sales,Grand Marquis,Mercury,23479.9
Rabun Used Car Sales,Grand Prix,Pontiac,39499.63636363636
Rabun Used Car Sales,I30,Infiniti,28662.6875
Rabun Used Car Sales,Impala,Chevrolet,19750.5
Rabun Used Car Sales,Integra,Acura,45000.0
Rabun Used Car Sales,Intrepid,Dodge,31333.666666666668
Rabun Used Car Sales,Intrigue,Oldsmobile,38000.166666666664
Rabun Used Car Sales,Jetta,Volkswagen,32442.738095238095
Rabun Used Car Sales,LHS,Chrysler,25867.0
Rabun Used Car Sales,LS,Saturn,40116.833333333336
Rabun Used Car Sales,LS400,Lexus,37158.944444444445
Rabun Used Car Sales,LW,Saturn,26666.866666666665
Rabun Used Car Sales,LX470,Lexus,33500.2
Rabun Used Car Sales,Land Cruiser,Toyota,16750.0
Rabun Used Car Sales,LeSabre,Buick,20000.0
Rabun Used Car Sales,Lumina,Chevrolet,27000.0
Rabun Used Car Sales,M-Class,Mercedes-B,28083.416666666668
Rabun Used Car Sales,Malibu,Chevrolet,35000.166666666664
Rabun Used Car Sales,Maxima,Nissan,43333.5
Rabun Used Car Sales,Metro,Chevrolet,19000.285714285714
Rabun Used Car Sales,Mirage,Mitsubishi,9067.0
Rabun Used Car Sales,Monte Carlo,Chevrolet,29000.428571428572
Rabun Used Car Sales,Montero,Mitsubishi,16033.666666666666
Rabun Used Car Sales,Montero Sport,Mitsubishi,41737.26315789474
Rabun Used Car Sales,Mountaineer,Mercury,21000.0
Rabun Used Car Sales,Mustang,Ford,24583.5
Rabun Used Car Sales,Mystique,Mercury,29000.0
Rabun Used Car Sales,Navigator,Lincoln,23000.14285714286
Rabun Used Car Sales,Neon,Dodge,19000.0
Rabun Used Car Sales,Neon,Plymouth,22841.18181818182
Rabun Used Car Sales,Odyssey,Honda,27100.2
Rabun Used Car Sales,Outback,Subaru,43625.25
Rabun Used Car Sales,Park Avenue,Buick,43312.041666666664
Rabun Used Car Sales,Passat,Volkswagen,19770.727272727272
Rabun Used Car Sales,Passport,Honda,23000.428571428572
Rabun Used Car Sales,Pathfinder,Nissan,45810.22222222222
Rabun Used Car Sales,Prizm,Chevrolet,22603.58620689655
Rabun Used Car Sales,Prowler,Plymouth,25417.0
Rabun Used Car Sales,Quest,Nissan,26660.0
Rabun Used Car Sales,RAV4,Toyota,24767.0
Rabun Used Car Sales,RL,Acura,26200.2
Rabun Used Car Sales,RX300,Lexus,18000.0
Rabun Used Car Sales,Ram Pickup,Dodge,27750.333333333332
Rabun Used Car Sales,Ram Van,Dodge,24600.4
Rabun Used Car Sales,Ram Wagon,Dodge,22000.2
Rabun Used Car Sales,Ranger,Ford,35416.26666666667
Rabun Used Car Sales,Regal,Buick,32727.636363636364
Rabun Used Car Sales,S-Class,Mercedes-B,23461.46153846154
Rabun Used Car Sales,S-Type,Jaguar,24633.583333333332
Rabun Used Car Sales,S40,Volvo,33791.09090909091
Rabun Used Car Sales,S70,Volvo,25000.0
Rabun Used Car Sales,S80,Volvo,23400.3
Rabun Used Car Sales,SC,Saturn,36687.25
Rabun Used Car Sales,SL,Saturn,16200.5
Rabun Used Car Sales,SL-Class,Mercedes-B,24300.6
Rabun Used Car Sales,SLK,Mercedes-B,29154.909090909092
Rabun Used Car Sales,SLK230,Mercedes-B,29999.636363636364
Rabun Used Car Sales,SW,Saturn,25033.666666666668
Rabun Used Car Sales,Sable,Mercury,44832.791666666664
Rabun Used Car Sales,Sebring Coupe,Chrysler,23800.3
Rabun Used Car Sales,Sentra,Nissan,16000.0
Rabun Used Car Sales,Seville,Cadillac,38625.75
Rabun Used Car Sales,Sienna,Toyota,22820.266666666666
Rabun Used Car Sales,Silhouette,Oldsmobile,30097.89285714286
Rabun Used Car Sales,Sonata,Hyundai,20562.625
Rabun Used Car Sales,Stratus,Dodge,31000.166666666668
Rabun Used Car Sales,Sunfire,Pontiac,35500.416666666664
Rabun Used Car Sales,TL,Acura,25187.625
Rabun Used Car Sales,Tacoma,Toyota,44409.36363636364
Rabun Used Car Sales,Taurus,Ford,36904.166666666664
Rabun Used Car Sales,Town & Country,Chrysler,42000.0
Rabun Used Car Sales,Town car,Lincoln,20072.81818181818
Rabun Used Car Sales,V40,Volvo,18000.0
Rabun Used Car Sales,Villager,Mercury,23250.5
Rabun Used Car Sales,Viper,Dodge,30887.75
Rabun Used Car Sales,Voyager,Plymouth,32785.25
Rabun Used Car Sales,Windstar,Ford,28250.0
Rabun Used Car Sales,Wrangler,Jeep,25974.875
Rabun Used Car Sales,Xterra,Nissan,23285.85714285714
Race Car Help,3-Sep,Saab,38749.5
Race Car Help,3000GT,Mitsubishi,22650.3
Race Car Help,300M,Chrysler,22250.0
Race Car Help,323i,BMW,17850.5
Race Car Help,328i,BMW,28218.65625
Race Car Help,4Runner,Toyota,25666.666666666668
Race Car Help,5-Sep,Saab,32334.0
Race Car Help,528i,BMW,25238.972222222223
Race Car Help,A4,Audi,22000.166666666668
Race Car Help,A6,Audi,21513.51923076923
Race Car Help,A8,Audi,44166.666666666664
Race Car Help,Accent,Hyundai,18000.0
Race Car Help,Accord,Honda,28657.428571428572
Race Car Help,Altima,Nissan,20334.0
Race Car Help,Aurora,Oldsmobile,57998.5
Race Car Help,Avalon,Toyota,18000.333333333332
Race Car Help,Avenger,Dodge,26460.2
Race Car Help,Beetle,Volkswagen,37083.5
Race Car Help,Bonneville,Pontiac,23688.25
Race Car Help,Bravada,Oldsmobile,21310.363636363636
Race Car Help,Breeze,Plymouth,39000.0
Race Car Help,C-Class,Mercedes-B,14410.4
Race Car Help,C70,Volvo,31449.75
Race Car Help,CL500,Mercedes-B,27600.2
Race Car Help,CLK Coupe,Mercedes-B,22000.0
Race Car Help,CR-V,Honda,23208.333333333332
Race Car Help,Cabrio,Volkswagen,17571.85714285714
Race Car Help,Camaro,Chevrolet,29500.125
Race Car Help,Camry,Toyota,32262.875
Race Car Help,Caravan,Dodge,29714.285714285714
Race Car Help,Carrera Cabrio,Porsche,23227.363636363636
Race Car Help,Carrera Coupe,Porsche,22358.583333333332
Race Car Help,Catera,Cadillac,38099.666666666664
Race Car Help,Cavalier,Chevrolet,17200.166666666668
Race Car Help,Celica,Toyota,17612.75
Race Car Help,Century,Buick,17000.0
Race Car Help,Cherokee,Jeep,14000.0
Race Car Help,Cirrus,Chrysler,12220.6
Race Car Help,Civic,Honda,41214.28571428572
Race Car Help,Concorde,Chrysler,32922.1875
Race Car Help,Continental,Lincoln,38218.5
Race Car Help,Contour,Ford,52427.28571428572
Race Car Help,Corolla,Toyota,16750.5
Race Car Help,Corvette,Chevrolet,31659.117647058825
Race Car Help,Cougar,Mercury,25945.727272727272
Race Car Help,Crown Victoria,Ford,27500.166666666668
Race Car Help,Cutlass,Oldsmobile,31667.11111111111
Race Car Help,Dakota,Dodge,21000.0
Race Car Help,DeVille,Cadillac,39999.25
Race Car Help,Diamante,Mitsubishi,18607.214285714286
Race Car Help,Durango,Dodge,22025.0
Race Car Help,E-Class,Mercedes-B,27800.4
Race Car Help,ES300,Lexus,28166.88888888889
Race Car Help,Eclipse,Mitsubishi,22875.25
Race Car Help,Elantra,Hyundai,22000.0
Race Car Help,Eldorado,Cadillac,30239.083333333332
Race Car Help,Escalade,Cadillac,32277.88888888889
Race Car Help,Escort,Ford,12167.0
Race Car Help,Expedition,Ford,21923.4
Race Car Help,Explorer,Ford,29036.071428571428
Race Car Help,F-Series,Ford,13000.0
Race Car Help,Firebird,Pontiac,43500.0
Race Car Help,Focus,Ford,30100.5
Race Car Help,Forester,Subaru,22275.2
Race Car Help,Frontier,Nissan,29621.64285714286
Race Car Help,GS300,Lexus,37644.2
Race Car Help,GS400,Lexus,23450.2
Race Car Help,GTI,Volkswagen,25562.5
Race Car Help,Galant,Mitsubishi,36000.5
Race Car Help,Golf,Volkswagen,17675.25
Race Car Help,Grand Am,Pontiac,24250.166666666668
Race Car Help,Grand Cherokee,Jeep,16480.2
Race Car Help,Grand Marquis,Mercury,30699.75
Race Car Help,Grand Prix,Pontiac,29624.9375
Race Car Help,I30,Infiniti,24133.555555555555
Race Car Help,Impala,Chevrolet,14000.333333333334
Race Car Help,Integra,Acura,45000.0
Race Car Help,Intrepid,Dodge,11250.0
Race Car Help,Intrigue,Oldsmobile,35450.3
Race Car Help,Jetta,Volkswagen,29838.63888888889
Race Car Help,LHS,Chrysler,28566.125
Race Car Help,LS,Saturn,40412.5
Race Car Help,LS400,Lexus,39885.59523809524
Race Car Help,LW,Saturn,16180.4
Race Car Help,LX470,Lexus,39800.0
Race Car Help,Land Cruiser,Toyota,18166.833333333332
Race Car Help,LeSabre,Buick,20500.0
Race Car Help,Lumina,Chevrolet,25367.066666666666
Race Car Help,M-Class,Mercedes-B,26600.5
Race Car Help,Malibu,Chevrolet,20269.69230769231
Race Car Help,Maxima,Nissan,16000.0
Race Car Help,Metro,Chevrolet,25233.733333333334
Race Car Help,Monte Carlo,Chevrolet,25083.5
Race Car Help,Montero,Mitsubishi,16000.5
Race Car Help,Montero Sport,Mitsubishi,33475.375
Race Car Help,Mountaineer,Mercury,21000.0
Race Car Help,Mustang,Ford,30583.5
Race Car Help,Navigator,Lincoln,19050.25
Race Car Help,Neon,Plymouth,22050.1
Race Car Help,Odyssey,Honda,27500.0
Race Car Help,Outback,Subaru,36751.166666666664
Race Car Help,Park Avenue,Buick,41609.45
Race Car Help,Passat,Volkswagen,21676.70588235294
Race Car Help,Passport,Honda,27325.25
Race Car Help,Pathfinder,Nissan,26309.025
Race Car Help,Prizm,Chevrolet,25204.727272727272
Race Car Help,Prowler,Plymouth,36749.25
Race Car Help,Quest,Nissan,26560.4
Race Car Help,RAV4,Toyota,27846.26923076923
Race Car Help,RL,Acura,24854.0
Race Car Help,Ram Pickup,Dodge,30302.714285714286
Race Car Help,Ram Van,Dodge,32374.4375
Race Car Help,Ram Wagon,Dodge,20286.14285714286
Race Car Help,Ranger,Ford,33666.5
Race Car Help,Regal,Buick,29050.3
Race Car Help,S-Class,Mercedes-B,21562.4375
Race Car Help,S-Type,Jaguar,26200.0
Race Car Help,S40,Volvo,24425.38888888889
Race Car Help,S70,Volvo,25000.125
Race Car Help,S80,Volvo,21000.333333333332
Race Car Help,SC,Saturn,46165.666666666664
Race Car Help,SL,Saturn,20000.0
Race Car Help,SL-Class,Mercedes-B,31542.0
Race Car Help,SLK,Mercedes-B,28029.53846153846
Race Car Help,SLK230,Mercedes-B,34574.875
Race Car Help,SW,Saturn,26643.14285714286
Race Car Help,Sable,Mercury,40200.1
Race Car Help,Sebring Conv.,Chrysler,16200.0
Race Car Help,Sebring Coupe,Chrysler,26250.4375
Race Car Help,Sentra,Nissan,16166.666666666666
Race Car Help,Seville,Cadillac,36833.666666666664
Race Car Help,Sienna,Toyota,13833.5
Race Car Help,Silhouette,Oldsmobile,32249.59375
Race Car Help,Sonata,Hyundai,18062.75
Race Car Help,Stratus,Dodge,29133.333333333332
Race Car Help,Sunfire,Pontiac,33564.09090909091
Race Car Help,TL,Acura,23112.75
Race Car Help,Tacoma,Toyota,47062.125
Race Car Help,Taurus,Ford,34110.72222222222
Race Car Help,Town & Country,Chrysler,17000.5
Race Car Help,Town car,Lincoln,27444.555555555555
Race Car Help,V40,Volvo,18000.0
Race Car Help,V70,Volvo,39000.0
Race Car Help,Villager,Mercury,16285.714285714286
Race Car Help,Viper,Dodge,32937.5
Race Car Help,Voyager,Plymouth,31999.85
Race Car Help,Windstar,Ford,23964.714285714286
Race Car Help,Wrangler,Jeep,19297.125
Race Car Help,Xterra,Nissan,9000.333333333334
Ryder Truck Rental and Leasing,3-Sep,Saab,27875.3125
Ryder Truck Rental and Leasing,3000GT,Mitsubishi,22273.533333333333
Ryder Truck Rental and Leasing,300M,Chrysler,20450.4
Ryder Truck Rental and Leasing,323i,BMW,14826.933333333332
Ryder Truck Rental and Leasing,328i,BMW,24928.5
Ryder Truck Rental and Leasing,4Runner,Toyota,35500.0
Ryder Truck Rental and Leasing,5-Sep,Saab,28000.0
Ryder Truck Rental and Leasing,528i,BMW,32249.944444444445
Ryder Truck Rental and Leasing,A4,Audi,19516.833333333332
Ryder Truck Rental and Leasing,A6,Audi,20500.066666666666
Ryder Truck Rental and Leasing,Accent,Hyundai,18000.0
Ryder Truck Rental and Leasing,Accord,Honda,28588.529411764706
Ryder Truck Rental and Leasing,Alero,Oldsmobile,17050.5
Ryder Truck Rental and Leasing,Altima,Nissan,20458.333333333332
Ryder Truck Rental and Leasing,Aurora,Oldsmobile,29769.19230769231
Ryder Truck Rental and Leasing,Avenger,Dodge,25706.5
Ryder Truck Rental and Leasing,Beetle,Volkswagen,25800.2
Ryder Truck Rental and Leasing,Bonneville,Pontiac,17241.916666666668
Ryder Truck Rental and Leasing,Boxter,Porsche,23622.555555555555
Ryder Truck Rental and Leasing,Bravada,Oldsmobile,24623.23076923077
Ryder Truck Rental and Leasing,Breeze,Plymouth,19700.4
Ryder Truck Rental and Leasing,C-Class,Mercedes-B,14375.25
Ryder Truck Rental and Leasing,C70,Volvo,25740.4
Ryder Truck Rental and Leasing,CL500,Mercedes-B,21785.64285714286
Ryder Truck Rental and Leasing,CLK Coupe,Mercedes-B,22000.0
Ryder Truck Rental and Leasing,CR-V,Honda,24187.875
Ryder Truck Rental and Leasing,Cabrio,Volkswagen,17375.375
Ryder Truck Rental and Leasing,Camaro,Chevrolet,26000.6
Ryder Truck Rental and Leasing,Camry,Toyota,31340.4
Ryder Truck Rental and Leasing,Caravan,Dodge,22388.0
Ryder Truck Rental and Leasing,Carrera Cabrio,Porsche,29500.25
Ryder Truck Rental and Leasing,Carrera Coupe,Porsche,19357.571428571428
Ryder Truck Rental and Leasing,Catera,Cadillac,57998.5
Ryder Truck Rental and Leasing,Cavalier,Chevrolet,20754.81818181818
Ryder Truck Rental and Leasing,Celica,Toyota,31375.166666666668
Ryder Truck Rental and Leasing,Century,Buick,17001.0
Ryder Truck Rental and Leasing,Cherokee,Jeep,28933.333333333332
Ryder Truck Rental and Leasing,Cirrus,Chrysler,12000.0
Ryder Truck Rental and Leasing,Civic,Honda,32600.8
Ryder Truck Rental and Leasing,Concorde,Chrysler,35616.75
Ryder Truck Rental and Leasing,Continental,Lincoln,38561.75
Ryder Truck Rental and Leasing,Contour,Ford,44999.166666666664
Ryder Truck Rental and Leasing,Corolla,Toyota,37300.2
Ryder Truck Rental and Leasing,Corvette,Chevrolet,29311.333333333332
Ryder Truck Rental and Leasing,Cougar,Mercury,27500.375
Ryder Truck Rental and Leasing,Crown Victoria,Ford,23013.333333333332
Ryder Truck Rental and Leasing,Cutlass,Oldsmobile,37975.333333333336
Ryder Truck Rental and Leasing,Dakota,Dodge,17500.2
Ryder Truck Rental and Leasing,DeVille,Cadillac,39999.25
Ryder Truck Rental and Leasing,Diamante,Mitsubishi,25228.0
Ryder Truck Rental and Leasing,Durango,Dodge,19821.5
Ryder Truck Rental and Leasing,E-Class,Mercedes-B,24700.2
Ryder Truck Rental and Leasing,ES300,Lexus,29333.333333333332
Ryder Truck Rental and Leasing,Eclipse,Mitsubishi,26700.2
Ryder Truck Rental and Leasing,Elantra,Hyundai,23371.428571428572
Ryder Truck Rental and Leasing,Eldorado,Cadillac,46213.57142857143
Ryder Truck Rental and Leasing,Escalade,Cadillac,29166.88888888889
Ryder Truck Rental and Leasing,Escort,Ford,13000.0
Ryder Truck Rental and Leasing,Expedition,Ford,18889.222222222223
Ryder Truck Rental and Leasing,Explorer,Ford,30843.875
Ryder Truck Rental and Leasing,F-Series,Ford,18727.454545454544
Ryder Truck Rental and Leasing,Firebird,Pontiac,43000.0
Ryder Truck Rental and Leasing,Focus,Ford,36975.5
Ryder Truck Rental and Leasing,Forester,Subaru,22154.727272727272
Ryder Truck Rental and Leasing,Frontier,Nissan,16000.0
Ryder Truck Rental and Leasing,GS300,Lexus,17000.333333333332
Ryder Truck Rental and Leasing,GS400,Lexus,31300.0
Ryder Truck Rental and Leasing,GTI,Volkswagen,23616.6
Ryder Truck Rental and Leasing,Galant,Mitsubishi,39600.2
Ryder Truck Rental and Leasing,Golf,Volkswagen,24125.25
Ryder Truck Rental and Leasing,Grand Am,Pontiac,19125.2
Ryder Truck Rental and Leasing,Grand Cherokee,Jeep,20337.75
Ryder Truck Rental and Leasing,Grand Marquis,Mercury,24750.0
Ryder Truck Rental and Leasing,Grand Prix,Pontiac,39666.5
Ryder Truck Rental and Leasing,I30,Infiniti,28750.125
Ryder Truck Rental and Leasing,Impala,Chevrolet,21500.0
Ryder Truck Rental and Leasing,Integra,Acura,45000.0
Ryder Truck Rental and Leasing,Intrepid,Dodge,17050.1
Ryder Truck Rental and Leasing,Intrigue,Oldsmobile,31213.833333333332
Ryder Truck Rental and Leasing,Jetta,Volkswagen,32129.529411764706
Ryder Truck Rental and Leasing,LHS,Chrysler,27011.222222222223
Ryder Truck Rental and Leasing,LS,Saturn,34500.083333333336
Ryder Truck Rental and Leasing,LS400,Lexus,33114.25
Ryder Truck Rental and Leasing,LW,Saturn,27818.9375
Ryder Truck Rental and Leasing,LX470,Lexus,28600.0
Ryder Truck Rental and Leasing,Land Cruiser,Toyota,22300.0
Ryder Truck Rental and Leasing,LeSabre,Buick,20000.5
Ryder Truck Rental and Leasing,Lumina,Chevrolet,30100.2
Ryder Truck Rental and Leasing,M-Class,Mercedes-B,33000.5
Ryder Truck Rental and Leasing,Malibu,Chevrolet,35500.107142857145
Ryder Truck Rental and Leasing,Maxima,Nissan,30833.666666666668
Ryder Truck Rental and Leasing,Metro,Chevrolet,19280.25
Ryder Truck Rental and Leasing,Mirage,Mitsubishi,9000.5
Ryder Truck Rental and Leasing,Monte Carlo,Chevrolet,32683.5
Ryder Truck Rental and Leasing,Montero,Mitsubishi,16000.333333333334
Ryder Truck Rental and Leasing,Montero Sport,Mitsubishi,42169.38461538462
Ryder Truck Rental and Leasing,Mountaineer,Mercury,21000.666666666668
Ryder Truck Rental and Leasing,Mustang,Ford,26611.444444444445
Ryder Truck Rental and Leasing,Mystique,Mercury,22333.333333333332
Ryder Truck Rental and Leasing,Navigator,Lincoln,25143.14285714286
Ryder Truck Rental and Leasing,Neon,Dodge,19000.0
Ryder Truck Rental and Leasing,Neon,Plymouth,23041.75
Ryder Truck Rental and Leasing,Odyssey,Honda,45166.666666666664
Ryder Truck Rental and Leasing,Outback,Subaru,35625.2
Ryder Truck Rental and Leasing,Park Avenue,Buick,41530.8125
Ryder Truck Rental and Leasing,Passat,Volkswagen,22077.0
Ryder Truck Rental and Leasing,Passport,Honda,20800.14285714286
Ryder Truck Rental and Leasing,Pathfinder,Nissan,32016.333333333332
Ryder Truck Rental and Leasing,Prizm,Chevrolet,22658.42105263158
Ryder Truck Rental and Leasing,Prowler,Plymouth,22500.0625
Ryder Truck Rental and Leasing,Quest,Nissan,22083.5
Ryder Truck Rental and Leasing,RAV4,Toyota,37399.8
Ryder Truck Rental and Leasing,RL,Acura,23205.57894736842
Ryder Truck Rental and Leasing,Ram Pickup,Dodge,28412.65
Ryder Truck Rental and Leasing,Ram Van,Dodge,35669.65
Ryder Truck Rental and Leasing,Ram Wagon,Dodge,22000.285714285714
Ryder Truck Rental and Leasing,Ranger,Ford,29628.571428571428
Ryder Truck Rental and Leasing,Regal,Buick,29286.0
Ryder Truck Rental and Leasing,S-Class,Mercedes-B,34774.75
Ryder Truck Rental and Leasing,S-Type,Jaguar,33125.0
Ryder Truck Rental and Leasing,S40,Volvo,32394.29411764706
Ryder Truck Rental and Leasing,S70,Volvo,24000.5
Ryder Truck Rental and Leasing,S80,Volvo,23075.375
Ryder Truck Rental and Leasing,SC,Saturn,43727.92857142857
Ryder Truck Rental and Leasing,SL,Saturn,15500.25
Ryder Truck Rental and Leasing,SL-Class,Mercedes-B,20500.125
Ryder Truck Rental and Leasing,SLK,Mercedes-B,31812.666666666668
Ryder Truck Rental and Leasing,SLK230,Mercedes-B,35999.25
Ryder Truck Rental and Leasing,SW,Saturn,30500.25
Ryder Truck Rental and Leasing,Sable,Mercury,37171.57142857143
Ryder Truck Rental and Leasing,Sebring Coupe,Chrysler,29459.416666666668
Ryder Truck Rental and Leasing,Sentra,Nissan,16800.0
Ryder Truck Rental and Leasing,Seville,Cadillac,29125.25
Ryder Truck Rental and Leasing,Sienna,Toyota,23000.125
Ryder Truck Rental and Leasing,Silhouette,Oldsmobile,32297.105263157893
Ryder Truck Rental and Leasing,Sonata,Hyundai,18354.81818181818
Ryder Truck Rental and Leasing,Stratus,Dodge,29000.333333333332
Ryder Truck Rental and Leasing,Sunfire,Pontiac,33969.0
Ryder Truck Rental and Leasing,TL,Acura,20441.0625
Ryder Truck Rental and Leasing,Tacoma,Toyota,31700.1
Ryder Truck Rental and Leasing,Taurus,Ford,31499.7
Ryder Truck Rental and Leasing,Town car,Lincoln,19535.821428571428
Ryder Truck Rental and Leasing,V40,Volvo,18000.333333333332
Ryder Truck Rental and Leasing,V70,Volvo,39000.25
Ryder Truck Rental and Leasing,Villager,Mercury,19833.555555555555
Ryder Truck Rental and Leasing,Viper,Dodge,30163.42105263158
Ryder Truck Rental and Leasing,Voyager,Plymouth,26250.083333333332
Ryder Truck Rental and Leasing,Windstar,Ford,26280.2
Ryder Truck Rental and Leasing,Wrangler,Jeep,16000.25
Ryder Truck Rental and Leasing,Xterra,Nissan,19768.545454545456
Saab-Belle Dodge,3-Sep,Saab,34277.5
Saab-Belle Dodge,3000GT,Mitsubishi,23985.95238095238
Saab-Belle Dodge,300M,Chrysler,22014.0
Saab-Belle Dodge,323i,BMW,19445.0
Saab-Belle Dodge,328i,BMW,27730.76923076923
Saab-Belle Dodge,4Runner,Toyota,30525.0
Saab-Belle Dodge,5-Sep,Saab,34700.5
Saab-Belle Dodge,528i,BMW,26329.052631578947
Saab-Belle Dodge,A4,Audi,23250.25
Saab-Belle Dodge,A6,Audi,22447.605263157893
Saab-Belle Dodge,A8,Audi,44167.333333333336
Saab-Belle Dodge,Accent,Hyundai,18000.333333333332
Saab-Belle Dodge,Accord,Honda,26233.333333333332
Saab-Belle Dodge,Altima,Nissan,20834.0
Saab-Belle Dodge,Aurora,Oldsmobile,49498.875
Saab-Belle Dodge,Avenger,Dodge,24666.666666666668
Saab-Belle Dodge,Beetle,Volkswagen,37083.833333333336
Saab-Belle Dodge,Bonneville,Pontiac,19375.0
Saab-Belle Dodge,Boxter,Porsche,14000.0
Saab-Belle Dodge,Bravada,Oldsmobile,22766.933333333334
Saab-Belle Dodge,Breeze,Plymouth,39200.333333333336
Saab-Belle Dodge,C-Class,Mercedes-B,14237.875
Saab-Belle Dodge,C70,Volvo,29849.65
Saab-Belle Dodge,CL500,Mercedes-B,24609.18181818182
Saab-Belle Dodge,CR-V,Honda,21636.454545454544
Saab-Belle Dodge,Cabrio,Volkswagen,16860.0
Saab-Belle Dodge,Camaro,Chevrolet,29443.285714285714
Saab-Belle Dodge,Camry,Toyota,31680.3
Saab-Belle Dodge,Caravan,Dodge,30916.666666666668
Saab-Belle Dodge,Carrera Cabrio,Porsche,26063.125
Saab-Belle Dodge,Carrera Coupe,Porsche,21355.777777777777
Saab-Belle Dodge,Catera,Cadillac,38199.5
Saab-Belle Dodge,Cavalier,Chevrolet,19443.428571428572
Saab-Belle Dodge,Celica,Toyota,23912.75
Saab-Belle Dodge,Century,Buick,17001.0
Saab-Belle Dodge,Cherokee,Jeep,25000.25
Saab-Belle Dodge,Civic,Honda,43500.5
Saab-Belle Dodge,Concorde,Chrysler,33409.36363636364
Saab-Belle Dodge,Continental,Lincoln,38366.566666666666
Saab-Belle Dodge,Contour,Ford,40665.833333333336
Saab-Belle Dodge,Corolla,Toyota,14000.2
Saab-Belle Dodge,Corvette,Chevrolet,30071.714285714286
Saab-Belle Dodge,Cougar,Mercury,30889.333333333332
Saab-Belle Dodge,Crown Victoria,Ford,23750.166666666668
Saab-Belle Dodge,Cutlass,Oldsmobile,38871.57142857143
Saab-Belle Dodge,Dakota,Dodge,21000.5
Saab-Belle Dodge,DeVille,Cadillac,39999.5
Saab-Belle Dodge,Diamante,Mitsubishi,21181.190476190477
Saab-Belle Dodge,Durango,Dodge,24150.1
Saab-Belle Dodge,E-Class,Mercedes-B,28800.14285714286
Saab-Belle Dodge,ES300,Lexus,24533.833333333332
Saab-Belle Dodge,Eclipse,Mitsubishi,23460.2
Saab-Belle Dodge,Elantra,Hyundai,26250.0
Saab-Belle Dodge,Eldorado,Cadillac,38312.125
Saab-Belle Dodge,Escalade,Cadillac,33207.63636363636
Saab-Belle Dodge,Escort,Ford,13286.285714285714
Saab-Belle Dodge,Expedition,Ford,22407.5
Saab-Belle Dodge,Explorer,Ford,30583.555555555555
Saab-Belle Dodge,Firebird,Pontiac,43083.666666666664
Saab-Belle Dodge,Focus,Ford,34284.0
Saab-Belle Dodge,Forester,Subaru,21967.69230769231
Saab-Belle Dodge,Frontier,Nissan,22950.2
Saab-Belle Dodge,GS300,Lexus,51000.0
Saab-Belle Dodge,GS400,Lexus,26072.0
Saab-Belle Dodge,GTI,Volkswagen,25083.833333333332
Saab-Belle Dodge,Galant,Mitsubishi,36140.4
Saab-Belle Dodge,Golf,Volkswagen,23533.333333333332
Saab-Belle Dodge,Grand Am,Pontiac,24730.0
Saab-Belle Dodge,Grand Cherokee,Jeep,16200.2
Saab-Belle Dodge,Grand Marquis,Mercury,28824.9375
Saab-Belle Dodge,Grand Prix,Pontiac,27928.785714285714
Saab-Belle Dodge,I30,Infiniti,33122.444444444445
Saab-Belle Dodge,Impala,Chevrolet,14000.0
Saab-Belle Dodge,Integra,Acura,45250.5
Saab-Belle Dodge,Intrepid,Dodge,11000.5
Saab-Belle Dodge,Intrigue,Oldsmobile,42250.4
Saab-Belle Dodge,Jetta,Volkswagen,29343.75
Saab-Belle Dodge,LHS,Chrysler,26335.785714285714
Saab-Belle Dodge,LS,Saturn,45428.0
Saab-Belle Dodge,LS400,Lexus,42262.375
Saab-Belle Dodge,LW,Saturn,16366.666666666666
Saab-Belle Dodge,LX470,Lexus,34500.166666666664
Saab-Belle Dodge,Land Cruiser,Toyota,25167.0
Saab-Belle Dodge,LeSabre,Buick,20000.25
Saab-Belle Dodge,Lumina,Chevrolet,19666.916666666668
Saab-Belle Dodge,M-Class,Mercedes-B,29750.0
Saab-Belle Dodge,Malibu,Chevrolet,36967.67647058824
Saab-Belle Dodge,Maxima,Nissan,23875.25
Saab-Belle Dodge,Metro,Chevrolet,23133.4
Saab-Belle Dodge,Monte Carlo,Chevrolet,23928.571428571428
Saab-Belle Dodge,Montero,Mitsubishi,16000.0
Saab-Belle Dodge,Montero Sport,Mitsubishi,34447.066666666666
Saab-Belle Dodge,Mountaineer,Mercury,21125.25
Saab-Belle Dodge,Mustang,Ford,30115.777777777777
Saab-Belle Dodge,Mystique,Mercury,9375.0
Saab-Belle Dodge,Navigator,Lincoln,22040.6
Saab-Belle Dodge,Neon,Dodge,19250.0
Saab-Belle Dodge,Neon,Plymouth,24138.2
Saab-Belle Dodge,Odyssey,Honda,27125.0
Saab-Belle Dodge,Outback,Subaru,37444.666666666664
Saab-Belle Dodge,Park Avenue,Buick,48182.5
Saab-Belle Dodge,Passat,Volkswagen,15412.85
Saab-Belle Dodge,Passport,Honda,23375.0
Saab-Belle Dodge,Pathfinder,Nissan,25083.380952380954
Saab-Belle Dodge,Prizm,Chevrolet,19807.8
Saab-Belle Dodge,Prowler,Plymouth,36699.375
Saab-Belle Dodge,Quest,Nissan,22250.25
Saab-Belle Dodge,RAV4,Toyota,31666.75
Saab-Belle Dodge,RL,Acura,22782.782608695652
Saab-Belle Dodge,Ram Pickup,Dodge,29862.7
Saab-Belle Dodge,Ram Van,Dodge,29582.833333333332
Saab-Belle Dodge,Ram Wagon,Dodge,22000.25
Saab-Belle Dodge,Ranger,Ford,33999.4
Saab-Belle Dodge,Regal,Buick,42300.4
Saab-Belle Dodge,S-Class,Mercedes-B,22504.03846153846
Saab-Belle Dodge,S-Type,Jaguar,22388.88888888889
Saab-Belle Dodge,S40,Volvo,25682.090909090908
Saab-Belle Dodge,S70,Volvo,23137.875
Saab-Belle Dodge,S80,Volvo,21250.5
Saab-Belle Dodge,SC,Saturn,41888.22222222222
Saab-Belle Dodge,SL,Saturn,21000.0
Saab-Belle Dodge,SL-Class,Mercedes-B,27812.833333333332
Saab-Belle Dodge,SLK,Mercedes-B,32458.666666666668
Saab-Belle Dodge,SLK230,Mercedes-B,33100.0
Saab-Belle Dodge,SW,Saturn,30500.0
Saab-Belle Dodge,Sable,Mercury,43183.0
Saab-Belle Dodge,Sebring Coupe,Chrysler,30313.466666666667
Saab-Belle Dodge,Sentra,Nissan,16000.5
Saab-Belle Dodge,Seville,Cadillac,35420.4
Saab-Belle Dodge,Sienna,Toyota,14875.25
Saab-Belle Dodge,Silhouette,Oldsmobile,24499.978260869564
Saab-Belle Dodge,Sonata,Hyundai,17278.0
Saab-Belle Dodge,Stratus,Dodge,31000.0
Saab-Belle Dodge,Sunfire,Pontiac,36417.0
Saab-Belle Dodge,TL,Acura,24857.285714285714
Saab-Belle Dodge,Tacoma,Toyota,37971.28571428572
Saab-Belle Dodge,Taurus,Ford,45953.681818181816
Saab-Belle Dodge,Town & Country,Chrysler,17000.0
Saab-Belle Dodge,Town car,Lincoln,27714.714285714286
Saab-Belle Dodge,V40,Volvo,18000.0
Saab-Belle Dodge,V70,Volvo,39000.666666666664
Saab-Belle Dodge,Villager,Mercury,16500.25
Saab-Belle Dodge,Viper,Dodge,31678.928571428572
Saab-Belle Dodge,Voyager,Plymouth,24077.722222222223
Saab-Belle Dodge,Windstar,Ford,28106.375
Saab-Belle Dodge,Wrangler,Jeep,18250.166666666668
Saab-Belle Dodge,Xterra,Nissan,15000.0
Scrivener Performance Engineering,3-Sep,Saab,22322.444444444445
Scrivener Performance Engineering,3000GT,Mitsubishi,21062.666666666668
Scrivener Performance Engineering,300M,Chrysler,20269.46153846154
Scrivener Performance Engineering,323i,BMW,14886.5
Scrivener Performance Engineering,328i,BMW,36554.88888888889
Scrivener Performance Engineering,4Runner,Toyota,26101.0
Scrivener Performance Engineering,5-Sep,Saab,28000.0
Scrivener Performance Engineering,528i,BMW,28332.071428571428
Scrivener Performance Engineering,A4,Audi,19500.0
Scrivener Performance Engineering,A6,Audi,22165.9375
Scrivener Performance Engineering,A8,Audi,13000.0
Scrivener Performance Engineering,Accent,Hyundai,18001.0
Scrivener Performance Engineering,Accord,Honda,22193.9375
Scrivener Performance Engineering,Alero,Oldsmobile,17000.0
Scrivener Performance Engineering,Altima,Nissan,20250.333333333332
Scrivener Performance Engineering,Aurora,Oldsmobile,28393.0
Scrivener Performance Engineering,Avenger,Dodge,23571.85714285714
Scrivener Performance Engineering,Beetle,Volkswagen,37850.2
Scrivener Performance Engineering,Bonneville,Pontiac,23159.545454545456
Scrivener Performance Engineering,Boxter,Porsche,22093.75
Scrivener Performance Engineering,Bravada,Oldsmobile,24216.833333333332
Scrivener Performance Engineering,Breeze,Plymouth,22000.2
Scrivener Performance Engineering,C-Class,Mercedes-B,15325.25
Scrivener Performance Engineering,C70,Volvo,24212.75
Scrivener Performance Engineering,CL500,Mercedes-B,24000.14285714286
Scrivener Performance Engineering,CLK Coupe,Mercedes-B,22000.0
Scrivener Performance Engineering,CR-V,Honda,24000.75
Scrivener Performance Engineering,Cabrio,Volkswagen,19800.0
Scrivener Performance Engineering,Camaro,Chevrolet,29350.0
Scrivener Performance Engineering,Camry,Toyota,33200.333333333336
Scrivener Performance Engineering,Caravan,Dodge,20500.125
Scrivener Performance Engineering,Carrera Cabrio,Porsche,32001.0
Scrivener Performance Engineering,Carrera Coupe,Porsche,20825.25
Scrivener Performance Engineering,Catera,Cadillac,57998.5
Scrivener Performance Engineering,Cavalier,Chevrolet,22722.555555555555
Scrivener Performance Engineering,Celica,Toyota,28610.3
Scrivener Performance Engineering,Century,Buick,17000.5
Scrivener Performance Engineering,Cherokee,Jeep,23500.285714285714
Scrivener Performance Engineering,Cirrus,Chrysler,12000.0
Scrivener Performance Engineering,Civic,Honda,43000.0
Scrivener Performance Engineering,Concorde,Chrysler,28575.35
Scrivener Performance Engineering,Continental,Lincoln,29999.714285714286
Scrivener Performance Engineering,Contour,Ford,52427.28571428572
Scrivener Performance Engineering,Corolla,Toyota,31583.5
Scrivener Performance Engineering,Corvette,Chevrolet,28000.333333333332
Scrivener Performance Engineering,Cougar,Mercury,25914.285714285714
Scrivener Performance Engineering,Crown Victoria,Ford,20000.166666666668
Scrivener Performance Engineering,Cutlass,Oldsmobile,37236.454545454544
Scrivener Performance Engineering,Dakota,Dodge,18233.333333333332
Scrivener Performance Engineering,DeVille,Cadillac,39999.416666666664
Scrivener Performance Engineering,Diamante,Mitsubishi,20402.5
Scrivener Performance Engineering,Durango,Dodge,22186.14285714286
Scrivener Performance Engineering,E-Class,Mercedes-B,25833.666666666668
Scrivener Performance Engineering,ES300,Lexus,29334.0
Scrivener Performance Engineering,Eclipse,Mitsubishi,24687.75
Scrivener Performance Engineering,Elantra,Hyundai,22033.333333333332
Scrivener Performance Engineering,Eldorado,Cadillac,45772.09090909091
Scrivener Performance Engineering,Escalade,Cadillac,31100.2
Scrivener Performance Engineering,Escort,Ford,12667.0
Scrivener Performance Engineering,Expedition,Ford,18137.625
Scrivener Performance Engineering,Explorer,Ford,33346.307692307695
Scrivener Performance Engineering,F-Series,Ford,22650.125
Scrivener Performance Engineering,Firebird,Pontiac,43000.0
Scrivener Performance Engineering,Focus,Ford,36900.2
Scrivener Performance Engineering,Forester,Subaru,21475.25
Scrivener Performance Engineering,Frontier,Nissan,26636.636363636364
Scrivener Performance Engineering,GS300,Lexus,37000.0
Scrivener Performance Engineering,GS400,Lexus,25470.4
Scrivener Performance Engineering,GTI,Volkswagen,24100.285714285714
Scrivener Performance Engineering,Galant,Mitsubishi,41214.42857142857
Scrivener Performance Engineering,Golf,Volkswagen,27182.0
Scrivener Performance Engineering,Grand Am,Pontiac,18410.2
Scrivener Performance Engineering,Grand Cherokee,Jeep,22371.571428571428
Scrivener Performance Engineering,Grand Marquis,Mercury,17476.617647058825
Scrivener Performance Engineering,Grand Prix,Pontiac,37116.583333333336
Scrivener Performance Engineering,I30,Infiniti,29350.4
Scrivener Performance Engineering,Impala,Chevrolet,22000.0
Scrivener Performance Engineering,Integra,Acura,45050.0
Scrivener Performance Engineering,Intrepid,Dodge,17767.0
Scrivener Performance Engineering,Intrigue,Oldsmobile,34500.28571428572
Scrivener Performance Engineering,Jetta,Volkswagen,32619.119047619046
Scrivener Performance Engineering,LHS,Chrysler,27423.30769230769
Scrivener Performance Engineering,LS,Saturn,32700.3
Scrivener Performance Engineering,LS400,Lexus,37535.607142857145
Scrivener Performance Engineering,LW,Saturn,18591.18181818182
Scrivener Performance Engineering,LX470,Lexus,30350.333333333332
Scrivener Performance Engineering,Land Cruiser,Toyota,20400.375
Scrivener Performance Engineering,LeSabre,Buick,20000.0
Scrivener Performance Engineering,Lumina,Chevrolet,36000.4
Scrivener Performance Engineering,M-Class,Mercedes-B,31833.333333333332
Scrivener Performance Engineering,Malibu,Chevrolet,34999.59090909091
Scrivener Performance Engineering,Maxima,Nissan,30325.25
Scrivener Performance Engineering,Metro,Chevrolet,17730.1
Scrivener Performance Engineering,Mirage,Mitsubishi,9000.5
Scrivener Performance Engineering,Monte Carlo,Chevrolet,28428.85714285714
Scrivener Performance Engineering,Montero,Mitsubishi,16000.375
Scrivener Performance Engineering,Montero Sport,Mitsubishi,40006.055555555555
Scrivener Performance Engineering,Mountaineer,Mercury,21120.0
Scrivener Performance Engineering,Mustang,Ford,26610.1
Scrivener Performance Engineering,Mystique,Mercury,19000.0
Scrivener Performance Engineering,Navigator,Lincoln,24750.2
Scrivener Performance Engineering,Neon,Dodge,19001.0
Scrivener Performance Engineering,Neon,Plymouth,26280.1
Scrivener Performance Engineering,Odyssey,Honda,37800.6
Scrivener Performance Engineering,Outback,Subaru,36000.25
Scrivener Performance Engineering,Park Avenue,Buick,40561.269230769234
Scrivener Performance Engineering,Passat,Volkswagen,19152.347826086956
Scrivener Performance Engineering,Passport,Honda,23750.0
Scrivener Performance Engineering,Pathfinder,Nissan,37332.958333333336
Scrivener Performance Engineering,Prizm,Chevrolet,25264.764705882353
Scrivener Performance Engineering,Prowler,Plymouth,26444.444444444445
Scrivener Performance Engineering,Quest,Nissan,22000.25
Scrivener Performance Engineering,RAV4,Toyota,38399.4
Scrivener Performance Engineering,RL,Acura,23992.21052631579
Scrivener Performance Engineering,Ram Pickup,Dodge,29073.70588235294
Scrivener Performance Engineering,Ram Van,Dodge,34727.0
Scrivener Performance Engineering,Ram Wagon,Dodge,22083.666666666668
Scrivener Performance Engineering,Ranger,Ford,32624.5
Scrivener Performance Engineering,Regal,Buick,26443.14285714286
Scrivener Performance Engineering,S-Class,Mercedes-B,27853.615384615383
Scrivener Performance Engineering,S-Type,Jaguar,26500.428571428572
Scrivener Performance Engineering,S40,Volvo,32773.416666666664
Scrivener Performance Engineering,S70,Volvo,24533.777777777777
Scrivener Performance Engineering,S80,Volvo,24125.5
Scrivener Performance Engineering,SC,Saturn,45499.416666666664
Scrivener Performance Engineering,SL,Saturn,11000.0
Scrivener Performance Engineering,SL-Class,Mercedes-B,22688.125
Scrivener Performance Engineering,SLK,Mercedes-B,25846.46153846154
Scrivener Performance Engineering,SLK230,Mercedes-B,31181.5
Scrivener Performance Engineering,SW,Saturn,32334.0
Scrivener Performance Engineering,Sable,Mercury,42910.46153846154
Scrivener Performance Engineering,Sebring Coupe,Chrysler,24833.666666666668
Scrivener Performance Engineering,Sentra,Nissan,16000.0
Scrivener Performance Engineering,Seville,Cadillac,36667.0
Scrivener Performance Engineering,Sienna,Toyota,23625.25
Scrivener Performance Engineering,Silhouette,Oldsmobile,24241.0
Scrivener Performance Engineering,Sonata,Hyundai,19283.666666666668
Scrivener Performance Engineering,Stratus,Dodge,31325.5
Scrivener Performance Engineering,Sunfire,Pontiac,27762.75
Scrivener Performance Engineering,TL,Acura,22041.916666666668
Scrivener Performance Engineering,Tacoma,Toyota,43591.27272727273
Scrivener Performance Engineering,Taurus,Ford,42221.72222222222
Scrivener Performance Engineering,Town & Country,Chrysler,42166.666666666664
Scrivener Performance Engineering,Town car,Lincoln,17500.0
Scrivener Performance Engineering,V40,Volvo,18000.0
Scrivener Performance Engineering,V70,Volvo,39000.0
Scrivener Performance Engineering,Villager,Mercury,17143.285714285714
Scrivener Performance Engineering,Viper,Dodge,32277.076923076922
Scrivener Performance Engineering,Voyager,Plymouth,32221.722222222223
Scrivener Performance Engineering,Windstar,Ford,22816.666666666668
Scrivener Performance Engineering,Wrangler,Jeep,15400.0
Scrivener Performance Engineering,Xterra,Nissan,15900.2
Sears Imported Autos,AMG SLC 43 Base,Mercedes-Benz,46519.0
Star Enterprises Inc,3-Sep,Saab,36709.6
Star Enterprises Inc,3000GT,Mitsubishi,23685.85714285714
Star Enterprises Inc,300M,Chrysler,24245.545454545456
Star Enterprises Inc,323i,BMW,18687.5
Star Enterprises Inc,328i,BMW,28087.59375
Star Enterprises Inc,4Runner,Toyota,35250.0
Star Enterprises Inc,5-Sep,Saab,28250.0
Star Enterprises Inc,528i,BMW,28406.25
Star Enterprises Inc,A4,Audi,24517.166666666668
Star Enterprises Inc,A6,Audi,24956.521739130436
Star Enterprises Inc,A8,Audi,44000.0
Star Enterprises Inc,Accent,Hyundai,18000.0
Star Enterprises Inc,Accord,Honda,37062.75
Star Enterprises Inc,Altima,Nissan,20500.0
Star Enterprises Inc,Aurora,Oldsmobile,34999.625
Star Enterprises Inc,Avalon,Toyota,18000.0
Star Enterprises Inc,Avenger,Dodge,27136.636363636364
Star Enterprises Inc,Beetle,Volkswagen,37083.333333333336
Star Enterprises Inc,Bonneville,Pontiac,16893.14285714286
Star Enterprises Inc,Boxter,Porsche,14125.25
Star Enterprises Inc,Bravada,Oldsmobile,17666.88888888889
Star Enterprises Inc,Breeze,Plymouth,39120.2
Star Enterprises Inc,C-Class,Mercedes-B,14500.0
Star Enterprises Inc,C70,Volvo,20762.875
Star Enterprises Inc,CL500,Mercedes-B,26666.833333333332
Star Enterprises Inc,CLK Coupe,Mercedes-B,22000.0
Star Enterprises Inc,CR-V,Honda,22506.75
Star Enterprises Inc,Cabrio,Volkswagen,17705.88888888889
Star Enterprises Inc,Camaro,Chevrolet,28600.166666666668
Star Enterprises Inc,Camry,Toyota,30444.555555555555
Star Enterprises Inc,Caravan,Dodge,30683.666666666668
Star Enterprises Inc,Carrera Cabrio,Porsche,21800.2
Star Enterprises Inc,Carrera Coupe,Porsche,22150.3
Star Enterprises Inc,Catera,Cadillac,35749.625
Star Enterprises Inc,Cavalier,Chevrolet,18800.2
Star Enterprises Inc,Celica,Toyota,21611.555555555555
Star Enterprises Inc,Century,Buick,17000.0
Star Enterprises Inc,Cherokee,Jeep,25101.0
Star Enterprises Inc,Cirrus,Chrysler,12000.5
Star Enterprises Inc,Civic,Honda,38545.454545454544
Star Enterprises Inc,Concorde,Chrysler,29227.363636363636
Star Enterprises Inc,Continental,Lincoln,44417.72727272727
Star Enterprises Inc,Contour,Ford,34619.8
Star Enterprises Inc,Corolla,Toyota,16750.5
Star Enterprises Inc,Corvette,Chevrolet,35968.68421052631
Star Enterprises Inc,Cougar,Mercury,31833.833333333332
Star Enterprises Inc,Crown Victoria,Ford,24028.714285714286
Star Enterprises Inc,Cutlass,Oldsmobile,35075.61538461538
Star Enterprises Inc,Dakota,Dodge,21000.5
Star Enterprises Inc,DeVille,Cadillac,39999.25
Star Enterprises Inc,Diamante,Mitsubishi,20957.0
Star Enterprises Inc,Durango,Dodge,24007.846153846152
Star Enterprises Inc,E-Class,Mercedes-B,26442.85714285714
Star Enterprises Inc,ES300,Lexus,27500.14285714286
Star Enterprises Inc,Eclipse,Mitsubishi,26251.0
Star Enterprises Inc,Elantra,Hyundai,24667.0
Star Enterprises Inc,Eldorado,Cadillac,40799.5
Star Enterprises Inc,Escalade,Cadillac,32333.833333333332
Star Enterprises Inc,Escort,Ford,12933.666666666666
Star Enterprises Inc,Expedition,Ford,23634.5
Star Enterprises Inc,Explorer,Ford,34246.642857142855
Star Enterprises Inc,F-Series,Ford,16350.166666666666
Star Enterprises Inc,Firebird,Pontiac,43000.5
Star Enterprises Inc,Focus,Ford,30150.0
Star Enterprises Inc,Forester,Subaru,22104.95238095238
Star Enterprises Inc,Frontier,Nissan,25272.727272727272
Star Enterprises Inc,GS300,Lexus,34000.5
Star Enterprises Inc,GS400,Lexus,22722.444444444445
Star Enterprises Inc,GTI,Volkswagen,24720.133333333335
Star Enterprises Inc,Galant,Mitsubishi,36275.25
Star Enterprises Inc,Golf,Volkswagen,21300.4
Star Enterprises Inc,Grand Am,Pontiac,22583.75
Star Enterprises Inc,Grand Cherokee,Jeep,17000.333333333332
Star Enterprises Inc,Grand Marquis,Mercury,30723.0
Star Enterprises Inc,Grand Prix,Pontiac,34674.75
Star Enterprises Inc,I30,Infiniti,29250.285714285714
Star Enterprises Inc,Impala,Chevrolet,16833.333333333332
Star Enterprises Inc,Integra,Acura,34616.5
Star Enterprises Inc,Intrepid,Dodge,11125.25
Star Enterprises Inc,Intrigue,Oldsmobile,39545.818181818184
Star Enterprises Inc,Jetta,Volkswagen,29241.645833333332
Star Enterprises Inc,LHS,Chrysler,27371.85714285714
Star Enterprises Inc,LS,Saturn,30583.833333333332
Star Enterprises Inc,LS400,Lexus,38571.392857142855
Star Enterprises Inc,LW,Saturn,23250.25
Star Enterprises Inc,LX470,Lexus,30417.0
Star Enterprises Inc,Land Cruiser,Toyota,25900.4
Star Enterprises Inc,LeSabre,Buick,20000.0
Star Enterprises Inc,Lumina,Chevrolet,15136.818181818182
Star Enterprises Inc,M-Class,Mercedes-B,29183.833333333332
Star Enterprises Inc,Malibu,Chevrolet,33510.57894736842
Star Enterprises Inc,Maxima,Nissan,31100.666666666668
Star Enterprises Inc,Metro,Chevrolet,18708.583333333332
Star Enterprises Inc,Monte Carlo,Chevrolet,25010.2
Star Enterprises Inc,Montero,Mitsubishi,16000.0
Star Enterprises Inc,Montero Sport,Mitsubishi,32480.15
Star Enterprises Inc,Mountaineer,Mercury,21020.2
Star Enterprises Inc,Mustang,Ford,35583.833333333336
Star Enterprises Inc,Navigator,Lincoln,22667.0
Star Enterprises Inc,Neon,Dodge,19000.0
Star Enterprises Inc,Neon,Plymouth,22986.727272727272
Star Enterprises Inc,Odyssey,Honda,27000.0
Star Enterprises Inc,Outback,Subaru,34204.72727272727
Star Enterprises Inc,Park Avenue,Buick,23450.25
Star Enterprises Inc,Passat,Volkswagen,21678.761904761905
Star Enterprises Inc,Passport,Honda,24500.333333333332
Star Enterprises Inc,Pathfinder,Nissan,22450.2
Star Enterprises Inc,Prizm,Chevrolet,23004.458333333332
Star Enterprises Inc,Prowler,Plymouth,42036.5625
Star Enterprises Inc,Quest,Nissan,23500.333333333332
Star Enterprises Inc,RAV4,Toyota,31599.8
Star Enterprises Inc,RL,Acura,21378.521739130436
Star Enterprises Inc,RX300,Lexus,18150.0
Star Enterprises Inc,Ram Pickup,Dodge,28886.63157894737
Star Enterprises Inc,Ram Van,Dodge,31583.0
Star Enterprises Inc,Ram Wagon,Dodge,22071.714285714286
Star Enterprises Inc,Ranger,Ford,27999.875
Star Enterprises Inc,Regal,Buick,29500.285714285714
Star Enterprises Inc,S-Class,Mercedes-B,19457.571428571428
Star Enterprises Inc,S-Type,Jaguar,23380.1
Star Enterprises Inc,S40,Volvo,24200.1
Star Enterprises Inc,S70,Volvo,26050.2
Star Enterprises Inc,S80,Volvo,21000.0
Star Enterprises Inc,SC,Saturn,44554.833333333336
Star Enterprises Inc,SL-Class,Mercedes-B,25143.14285714286
Star Enterprises Inc,SLK,Mercedes-B,29923.30769230769
Star Enterprises Inc,SLK230,Mercedes-B,46499.166666666664
Star Enterprises Inc,SW,Saturn,30616.833333333332
Star Enterprises Inc,Sable,Mercury,32650.0
Star Enterprises Inc,Sebring Conv.,Chrysler,16650.0
Star Enterprises Inc,Sebring Coupe,Chrysler,28094.0
Star Enterprises Inc,Sentra,Nissan,16000.0
Star Enterprises Inc,Seville,Cadillac,39840.2
Star Enterprises Inc,Sienna,Toyota,14400.2
Star Enterprises Inc,Silhouette,Oldsmobile,30157.325
Star Enterprises Inc,Sonata,Hyundai,14600.0
Star Enterprises Inc,Stratus,Dodge,31083.333333333332
Star Enterprises Inc,Sunfire,Pontiac,34793.07142857143
Star Enterprises Inc,TL,Acura,21593.9375
Star Enterprises Inc,Tacoma,Toyota,43387.125
Star Enterprises Inc,Taurus,Ford,37999.45
Star Enterprises Inc,Town & Country,Chrysler,17000.666666666668
Star Enterprises Inc,Town car,Lincoln,27794.0
Star Enterprises Inc,V40,Volvo,18001.0
Star Enterprises Inc,V70,Volvo,39000.0
Star Enterprises Inc,Villager,Mercury,14410.2
Star Enterprises Inc,Viper,Dodge,31000.571428571428
Star Enterprises Inc,Voyager,Plymouth,25500.1875
Star Enterprises Inc,Windstar,Ford,23642.85714285714
Star Enterprises Inc,Wrangler,Jeep,18437.666666666668
Star Enterprises Inc,Xterra,Nissan,9000.5
Suburban Ford,3-Sep,Saab,23125.5
Suburban Ford,3000GT,Mitsubishi,21833.583333333332
Suburban Ford,300M,Chrysler,19143.6
Suburban Ford,323i,BMW,17000.29411764706
Suburban Ford,328i,BMW,23455.38888888889
Suburban Ford,4Runner,Toyota,28500.333333333332
Suburban Ford,5-Sep,Saab,31250.25
Suburban Ford,528i,BMW,34362.375
Suburban Ford,A4,Audi,12125.5
Suburban Ford,A6,Audi,22111.222222222223
Suburban Ford,A8,Audi,13000.333333333334
Suburban Ford,Accent,Hyundai,18200.0
Suburban Ford,Accord,Honda,25690.565217391304
Suburban Ford,Alero,Oldsmobile,17250.0
Suburban Ford,Altima,Nissan,20000.333333333332
Suburban Ford,Aurora,Oldsmobile,40333.0
Suburban Ford,Avenger,Dodge,22200.0
Suburban Ford,Beetle,Volkswagen,36125.0
Suburban Ford,Bonneville,Pontiac,22958.5
Suburban Ford,Boxter,Porsche,23333.555555555555
Suburban Ford,Bravada,Oldsmobile,31189.0
Suburban Ford,Breeze,Plymouth,19969.0
Suburban Ford,C-Class,Mercedes-B,15600.2
Suburban Ford,C70,Volvo,28409.545454545456
Suburban Ford,CL500,Mercedes-B,23500.0
Suburban Ford,CR-V,Honda,24636.1
Suburban Ford,Cabrio,Volkswagen,18400.2
Suburban Ford,Camaro,Chevrolet,29500.8
Suburban Ford,Camry,Toyota,31375.5
Suburban Ford,Caravan,Dodge,20944.777777777777
Suburban Ford,Carrera Cabrio,Porsche,32100.0
Suburban Ford,Carrera Coupe,Porsche,18500.14285714286
Suburban Ford,Catera,Cadillac,57998.5
Suburban Ford,Cavalier,Chevrolet,20680.153846153848
Suburban Ford,Celica,Toyota,38700.666666666664
Suburban Ford,Century,Buick,17000.5
Suburban Ford,Cherokee,Jeep,30562.75
Suburban Ford,Cirrus,Chrysler,12000.0
Suburban Ford,Civic,Honda,34500.0
Suburban Ford,Concorde,Chrysler,28902.166666666668
Suburban Ford,Continental,Lincoln,35266.375
Suburban Ford,Contour,Ford,44999.166666666664
Suburban Ford,Corolla,Toyota,31512.625
Suburban Ford,Corvette,Chevrolet,34625.25
Suburban Ford,Cougar,Mercury,28200.5
Suburban Ford,Crown Victoria,Ford,23034.0
Suburban Ford,Cutlass,Oldsmobile,39970.0
Suburban Ford,Dakota,Dodge,17625.25
Suburban Ford,DeVille,Cadillac,30999.625
Suburban Ford,Diamante,Mitsubishi,23352.478260869564
Suburban Ford,Durango,Dodge,22505.473684210527
Suburban Ford,E-Class,Mercedes-B,31000.0
Suburban Ford,ES300,Lexus,34000.0
Suburban Ford,Eclipse,Mitsubishi,26785.85714285714
Suburban Ford,Elantra,Hyundai,22800.6
Suburban Ford,Eldorado,Cadillac,34018.0
Suburban Ford,Escalade,Cadillac,30419.25
Suburban Ford,Escort,Ford,12820.2
Suburban Ford,Expedition,Ford,14000.0
Suburban Ford,Explorer,Ford,36062.75
Suburban Ford,F-Series,Ford,17044.88888888889
Suburban Ford,Focus,Ford,30545.81818181818
Suburban Ford,Forester,Subaru,21900.11111111111
Suburban Ford,Frontier,Nissan,21357.14285714286
Suburban Ford,GS300,Lexus,34500.0
Suburban Ford,GS400,Lexus,23166.833333333332
Suburban Ford,GTI,Volkswagen,23118.454545454544
Suburban Ford,Galant,Mitsubishi,41166.833333333336
Suburban Ford,Golf,Volkswagen,21544.777777777777
Suburban Ford,Grand Am,Pontiac,20250.0
Suburban Ford,Grand Cherokee,Jeep,19667.0
Suburban Ford,Grand Marquis,Mercury,15080.4
Suburban Ford,Grand Prix,Pontiac,52011.6875
Suburban Ford,I30,Infiniti,30162.625
Suburban Ford,Impala,Chevrolet,21571.571428571428
Suburban Ford,Integra,Acura,45000.0
Suburban Ford,Intrepid,Dodge,25357.14285714286
Suburban Ford,Intrigue,Oldsmobile,34800.2
Suburban Ford,Jetta,Volkswagen,37519.96
Suburban Ford,LHS,Chrysler,27030.17391304348
Suburban Ford,LS,Saturn,30983.583333333332
Suburban Ford,LS400,Lexus,33549.8125
Suburban Ford,LW,Saturn,15214.285714285714
Suburban Ford,LX470,Lexus,34667.0
Suburban Ford,Land Cruiser,Toyota,17642.85714285714
Suburban Ford,LeSabre,Buick,20000.5
Suburban Ford,Lumina,Chevrolet,28971.571428571428
Suburban Ford,M-Class,Mercedes-B,32500.272727272728
Suburban Ford,Malibu,Chevrolet,33599.6
Suburban Ford,Maxima,Nissan,38100.0
Suburban Ford,Metro,Chevrolet,18687.0
Suburban Ford,Monte Carlo,Chevrolet,36000.0
Suburban Ford,Montero,Mitsubishi,16000.0
Suburban Ford,Montero Sport,Mitsubishi,44530.92307692308
Suburban Ford,Mountaineer,Mercury,21071.571428571428
Suburban Ford,Mustang,Ford,20071.571428571428
Suburban Ford,Mystique,Mercury,21280.4
Suburban Ford,Navigator,Lincoln,26791.090909090908
Suburban Ford,Neon,Plymouth,20625.25
Suburban Ford,Odyssey,Honda,40500.166666666664
Suburban Ford,Outback,Subaru,42714.71428571428
Suburban Ford,Park Avenue,Buick,45968.15625
Suburban Ford,Passat,Volkswagen,16594.41176470588
Suburban Ford,Passport,Honda,22973.0
Suburban Ford,Pathfinder,Nissan,33772.27272727273
Suburban Ford,Prizm,Chevrolet,23821.619047619046
Suburban Ford,Prowler,Plymouth,18280.8
Suburban Ford,Quest,Nissan,26500.0
Suburban Ford,RAV4,Toyota,24100.4
Suburban Ford,RL,Acura,26428.0
Suburban Ford,Ram Pickup,Dodge,23475.333333333332
Suburban Ford,Ram Van,Dodge,35856.892857142855
Suburban Ford,Ram Wagon,Dodge,22000.333333333332
Suburban Ford,Ranger,Ford,32999.833333333336
Suburban Ford,Regal,Buick,34900.5
Suburban Ford,S-Class,Mercedes-B,24750.416666666668
Suburban Ford,S-Type,Jaguar,21750.25
Suburban Ford,S40,Volvo,30406.8
Suburban Ford,S70,Volvo,23286.0
Suburban Ford,S80,Volvo,23087.5
Suburban Ford,SC,Saturn,36666.27777777778
Suburban Ford,SL,Saturn,11000.0
Suburban Ford,SL-Class,Mercedes-B,21055.666666666668
Suburban Ford,SLK,Mercedes-B,28930.166666666668
Suburban Ford,SLK230,Mercedes-B,25786.071428571428
Suburban Ford,SW,Saturn,27750.25
Suburban Ford,Sable,Mercury,40333.11111111111
Suburban Ford,Sebring Coupe,Chrysler,24754.166666666668
Suburban Ford,Sentra,Nissan,16150.25
Suburban Ford,Seville,Cadillac,27666.666666666668
Suburban Ford,Sienna,Toyota,22550.125
Suburban Ford,Silhouette,Oldsmobile,27192.365384615383
Suburban Ford,Sonata,Hyundai,18611.222222222223
Suburban Ford,Stratus,Dodge,32500.25
Suburban Ford,Sunfire,Pontiac,31781.5
Suburban Ford,TL,Acura,24722.777777777777
Suburban Ford,Tacoma,Toyota,44214.42857142857
Suburban Ford,Taurus,Ford,47999.5
Suburban Ford,Town & Country,Chrysler,42000.0
Suburban Ford,Town car,Lincoln,19100.2
Suburban Ford,V70,Volvo,39167.0
Suburban Ford,Villager,Mercury,24250.0
Suburban Ford,Viper,Dodge,29436.071428571428
Suburban Ford,Voyager,Plymouth,23622.277777777777
Suburban Ford,Windstar,Ford,23000.375
Suburban Ford,Wrangler,Jeep,28606.85714285714
Suburban Ford,Xterra,Nissan,22607.14285714286
Tri-State Mack Inc,3-Sep,Saab,33899.65
Tri-State Mack Inc,3000GT,Mitsubishi,21000.1
Tri-State Mack Inc,300M,Chrysler,22114.571428571428
Tri-State Mack Inc,323i,BMW,19625.125
Tri-State Mack Inc,328i,BMW,17764.35714285714
Tri-State Mack Inc,4Runner,Toyota,29200.2
Tri-State Mack Inc,5-Sep,Saab,28001.0
Tri-State Mack Inc,528i,BMW,23974.095238095237
Tri-State Mack Inc,A4,Audi,21100.2
Tri-State Mack Inc,A6,Audi,20785.729166666668
Tri-State Mack Inc,A8,Audi,44200.0
Tri-State Mack Inc,Accent,Hyundai,18233.333333333332
Tri-State Mack Inc,Accord,Honda,30975.333333333332
Tri-State Mack Inc,Altima,Nissan,20333.666666666668
Tri-State Mack Inc,Aurora,Oldsmobile,45311.8125
Tri-State Mack Inc,Avalon,Toyota,18000.0
Tri-State Mack Inc,Avenger,Dodge,24850.25
Tri-State Mack Inc,Beetle,Volkswagen,34785.857142857145
Tri-State Mack Inc,Bonneville,Pontiac,16070.2
Tri-State Mack Inc,Boxter,Porsche,14000.0
Tri-State Mack Inc,Bravada,Oldsmobile,22400.153846153848
Tri-State Mack Inc,Breeze,Plymouth,35167.0
Tri-State Mack Inc,C-Class,Mercedes-B,15000.0
Tri-State Mack Inc,C70,Volvo,29562.416666666668
Tri-State Mack Inc,CL500,Mercedes-B,26438.0
Tri-State Mack Inc,CLK Coupe,Mercedes-B,22000.5
Tri-State Mack Inc,CR-V,Honda,21720.2
Tri-State Mack Inc,Cabrio,Volkswagen,18370.2
Tri-State Mack Inc,Camaro,Chevrolet,26833.666666666668
Tri-State Mack Inc,Camry,Toyota,30642.35714285714
Tri-State Mack Inc,Caravan,Dodge,29514.285714285714
Tri-State Mack Inc,Carrera Cabrio,Porsche,20733.666666666668
Tri-State Mack Inc,Carrera Coupe,Porsche,20591.0
Tri-State Mack Inc,Catera,Cadillac,34240.1
Tri-State Mack Inc,Cavalier,Chevrolet,18812.625
Tri-State Mack Inc,Celica,Toyota,20200.2
Tri-State Mack Inc,Century,Buick,17000.5
Tri-State Mack Inc,Cherokee,Jeep,29133.666666666668
Tri-State Mack Inc,Cirrus,Chrysler,12000.0
Tri-State Mack Inc,Civic,Honda,37865.2
Tri-State Mack Inc,Concorde,Chrysler,29650.428571428572
Tri-State Mack Inc,Continental,Lincoln,36833.27777777778
Tri-State Mack Inc,Contour,Ford,31999.833333333332
Tri-State Mack Inc,Corolla,Toyota,14000.0
Tri-State Mack Inc,Corvette,Chevrolet,37269.53846153846
Tri-State Mack Inc,Cougar,Mercury,30750.5
Tri-State Mack Inc,Crown Victoria,Ford,26450.3
Tri-State Mack Inc,Cutlass,Oldsmobile,31600.4
Tri-State Mack Inc,DeVille,Cadillac,48998.875
Tri-State Mack Inc,Diamante,Mitsubishi,19805.35
Tri-State Mack Inc,Durango,Dodge,24153.235294117647
Tri-State Mack Inc,E-Class,Mercedes-B,24142.85714285714
Tri-State Mack Inc,ES300,Lexus,24400.3
Tri-State Mack Inc,Eclipse,Mitsubishi,17167.0
Tri-State Mack Inc,Elantra,Hyundai,22167.0
Tri-State Mack Inc,Eldorado,Cadillac,37172.055555555555
Tri-State Mack Inc,Escalade,Cadillac,32083.416666666668
Tri-State Mack Inc,Escort,Ford,13125.0
Tri-State Mack Inc,Expedition,Ford,27545.81818181818
Tri-State Mack Inc,Explorer,Ford,34341.75
Tri-State Mack Inc,F-Series,Ford,13800.4
Tri-State Mack Inc,Firebird,Pontiac,43001.0
Tri-State Mack Inc,Focus,Ford,25175.5
Tri-State Mack Inc,Forester,Subaru,21972.38888888889
Tri-State Mack Inc,Frontier,Nissan,30190.3
Tri-State Mack Inc,GS300,Lexus,51266.666666666664
Tri-State Mack Inc,GS400,Lexus,25192.615384615383
Tri-State Mack Inc,GTI,Volkswagen,24678.0
Tri-State Mack Inc,Galant,Mitsubishi,36000.4
Tri-State Mack Inc,Golf,Volkswagen,23750.125
Tri-State Mack Inc,Grand Am,Pontiac,21260.4
Tri-State Mack Inc,Grand Cherokee,Jeep,16606.5
Tri-State Mack Inc,Grand Marquis,Mercury,31449.8125
Tri-State Mack Inc,Grand Prix,Pontiac,37599.65
Tri-State Mack Inc,I30,Infiniti,23125.25
Tri-State Mack Inc,Impala,Chevrolet,14000.5
Tri-State Mack Inc,Integra,Acura,45000.5
Tri-State Mack Inc,Intrepid,Dodge,11000.333333333334
Tri-State Mack Inc,Intrigue,Oldsmobile,37957.57142857143
Tri-State Mack Inc,Jetta,Volkswagen,27500.238095238095
Tri-State Mack Inc,LHS,Chrysler,27941.75
Tri-State Mack Inc,LS,Saturn,31000.0
Tri-State Mack Inc,LS400,Lexus,41233.25
Tri-State Mack Inc,LW,Saturn,18250.25
Tri-State Mack Inc,LX470,Lexus,31475.0
Tri-State Mack Inc,Land Cruiser,Toyota,27000.0
Tri-State Mack Inc,LeSabre,Buick,20000.0
Tri-State Mack Inc,Lumina,Chevrolet,21520.3
Tri-State Mack Inc,M-Class,Mercedes-B,26800.4
Tri-State Mack Inc,Malibu,Chevrolet,30406.7
Tri-State Mack Inc,Maxima,Nissan,27166.75
Tri-State Mack Inc,Metro,Chevrolet,22750.166666666668
Tri-State Mack Inc,Mirage,Mitsubishi,9000.0
Tri-State Mack Inc,Monte Carlo,Chevrolet,22311.923076923078
Tri-State Mack Inc,Montero,Mitsubishi,16001.0
Tri-State Mack Inc,Montero Sport,Mitsubishi,39375.416666666664
Tri-State Mack Inc,Mountaineer,Mercury,21000.333333333332
Tri-State Mack Inc,Mustang,Ford,28466.666666666668
Tri-State Mack Inc,Mystique,Mercury,9000.0
Tri-State Mack Inc,Navigator,Lincoln,26225.0
Tri-State Mack Inc,Neon,Dodge,19050.0
Tri-State Mack Inc,Neon,Plymouth,23000.0
Tri-State Mack Inc,Odyssey,Honda,27000.333333333332
Tri-State Mack Inc,Outback,Subaru,42633.555555555555
Tri-State Mack Inc,Park Avenue,Buick,37624.4375
Tri-State Mack Inc,Passat,Volkswagen,20216.17391304348
Tri-State Mack Inc,Passport,Honda,24500.0
Tri-State Mack Inc,Pathfinder,Nissan,28493.90625
Tri-State Mack Inc,Prizm,Chevrolet,22069.82608695652
Tri-State Mack Inc,Prowler,Plymouth,40332.61111111111
Tri-State Mack Inc,Quest,Nissan,23333.333333333332
Tri-State Mack Inc,RAV4,Toyota,30443.071428571428
Tri-State Mack Inc,RL,Acura,22483.4
Tri-State Mack Inc,RX300,Lexus,18000.666666666668
Tri-State Mack Inc,Ram Pickup,Dodge,28168.916666666668
Tri-State Mack Inc,Ram Van,Dodge,26928.5
Tri-State Mack Inc,Ram Wagon,Dodge,22000.0
Tri-State Mack Inc,Ranger,Ford,28000.125
Tri-State Mack Inc,Regal,Buick,30700.5
Tri-State Mack Inc,S-Class,Mercedes-B,21654.5
Tri-State Mack Inc,S-Type,Jaguar,26222.333333333332
Tri-State Mack Inc,S40,Volvo,22500.14285714286
Tri-State Mack Inc,S70,Volvo,26333.833333333332
Tri-State Mack Inc,S80,Volvo,21250.0
Tri-State Mack Inc,SC,Saturn,42665.833333333336
Tri-State Mack Inc,SL,Saturn,15500.0
Tri-State Mack Inc,SL-Class,Mercedes-B,31761.428571428572
Tri-State Mack Inc,SLK,Mercedes-B,27021.083333333332
Tri-State Mack Inc,SLK230,Mercedes-B,39166.083333333336
Tri-State Mack Inc,SW,Saturn,25334.0
Tri-State Mack Inc,Sable,Mercury,40399.9
Tri-State Mack Inc,Sebring Conv.,Chrysler,16001.0
Tri-State Mack Inc,Sebring Coupe,Chrysler,24111.333333333332
Tri-State Mack Inc,Sentra,Nissan,16000.5
Tri-State Mack Inc,Seville,Cadillac,39600.6
Tri-State Mack Inc,Sienna,Toyota,19725.5
Tri-State Mack Inc,Silhouette,Oldsmobile,30411.5
Tri-State Mack Inc,Sonata,Hyundai,18367.0
Tri-State Mack Inc,Stratus,Dodge,33400.4
Tri-State Mack Inc,Sunfire,Pontiac,34331.22222222222
Tri-State Mack Inc,TL,Acura,22137.157894736843
Tri-State Mack Inc,Tacoma,Toyota,44272.181818181816
Tri-State Mack Inc,Taurus,Ford,43166.208333333336
Tri-State Mack Inc,Town & Country,Chrysler,17500.0
Tri-State Mack Inc,Town car,Lincoln,25963.555555555555
Tri-State Mack Inc,V40,Volvo,18000.0
Tri-State Mack Inc,V70,Volvo,39066.666666666664
Tri-State Mack Inc,Villager,Mercury,14500.0
Tri-State Mack Inc,Viper,Dodge,32028.0
Tri-State Mack Inc,Voyager,Plymouth,31416.166666666668
Tri-State Mack Inc,Windstar,Ford,23640.0
Tri-State Mack Inc,Wrangler,Jeep,19213.125
Tri-State Mack Inc,Xterra,Nissan,17500.5
Twin Cities Performance,488 Spider Base,Ferrari,141026.5
U-Haul CO,3-Sep,Saab,34531.0
U-Haul CO,3000GT,Mitsubishi,22611.333333333332
U-Haul CO,300M,Chrysler,20106.5625
U-Haul CO,323i,BMW,18975.083333333332
U-Haul CO,328i,BMW,23187.5625
U-Haul CO,4Runner,Toyota,28333.666666666668
U-Haul CO,528i,BMW,33852.617647058825
U-Haul CO,A4,Audi,17000.5
U-Haul CO,A6,Audi,24777.88888888889
U-Haul CO,Accent,Hyundai,18351.0
U-Haul CO,Accord,Honda,24583.722222222223
U-Haul CO,Alero,Oldsmobile,17000.0
U-Haul CO,Altima,Nissan,20025.0
U-Haul CO,Aurora,Oldsmobile,32000.3125
U-Haul CO,Avenger,Dodge,26580.2
U-Haul CO,Beetle,Volkswagen,39000.375
U-Haul CO,Bonneville,Pontiac,20937.8125
U-Haul CO,Boxter,Porsche,24857.428571428572
U-Haul CO,Bravada,Oldsmobile,24500.5
U-Haul CO,Breeze,Plymouth,22125.375
U-Haul CO,C-Class,Mercedes-B,15350.2
U-Haul CO,C70,Volvo,31075.375
U-Haul CO,CL500,Mercedes-B,26667.333333333332
U-Haul CO,CLK Coupe,Mercedes-B,22001.0
U-Haul CO,CR-V,Honda,25314.25
U-Haul CO,Cabrio,Volkswagen,18637.5
U-Haul CO,Camaro,Chevrolet,30285.714285714286
U-Haul CO,Camry,Toyota,31250.5
U-Haul CO,Caravan,Dodge,22220.333333333332
U-Haul CO,Carrera Cabrio,Porsche,32000.5
U-Haul CO,Carrera Coupe,Porsche,20062.625
U-Haul CO,Catera,Cadillac,57998.5
U-Haul CO,Cavalier,Chevrolet,20840.2
U-Haul CO,Celica,Toyota,30909.272727272728
U-Haul CO,Century,Buick,17180.0
U-Haul CO,Cherokee,Jeep,25001.0
U-Haul CO,Cirrus,Chrysler,12000.0
U-Haul CO,Civic,Honda,34500.5
U-Haul CO,Concorde,Chrysler,24600.0
U-Haul CO,Continental,Lincoln,35427.92857142857
U-Haul CO,Contour,Ford,57998.5
U-Haul CO,Corolla,Toyota,31500.5
U-Haul CO,Corvette,Chevrolet,32125.25
U-Haul CO,Cougar,Mercury,27700.2
U-Haul CO,Crown Victoria,Ford,23928.714285714286
U-Haul CO,Cutlass,Oldsmobile,37810.3
U-Haul CO,Dakota,Dodge,15700.4
U-Haul CO,DeVille,Cadillac,39999.5
U-Haul CO,Diamante,Mitsubishi,25897.125
U-Haul CO,Durango,Dodge,20917.266666666666
U-Haul CO,E-Class,Mercedes-B,24600.2
U-Haul CO,ES300,Lexus,28750.5
U-Haul CO,Elantra,Hyundai,22000.0
U-Haul CO,Eldorado,Cadillac,39555.055555555555
U-Haul CO,Escalade,Cadillac,31200.2
U-Haul CO,Escort,Ford,15000.0
U-Haul CO,Expedition,Ford,18000.11111111111
U-Haul CO,Explorer,Ford,32971.42857142857
U-Haul CO,F-Series,Ford,19625.125
U-Haul CO,Focus,Ford,33775.1
U-Haul CO,Forester,Subaru,23092.0
U-Haul CO,Frontier,Nissan,28180.2
U-Haul CO,GS300,Lexus,28417.166666666668
U-Haul CO,GS400,Lexus,29125.125
U-Haul CO,GTI,Volkswagen,24000.11111111111
U-Haul CO,Galant,Mitsubishi,42000.25
U-Haul CO,Golf,Volkswagen,31480.0
U-Haul CO,Grand Am,Pontiac,17670.0
U-Haul CO,Grand Cherokee,Jeep,22741.090909090908
U-Haul CO,Grand Marquis,Mercury,22641.583333333332
U-Haul CO,Grand Prix,Pontiac,37437.25
U-Haul CO,I30,Infiniti,30531.0
U-Haul CO,Impala,Chevrolet,21571.85714285714
U-Haul CO,Integra,Acura,45000.0
U-Haul CO,Intrepid,Dodge,21000.375
U-Haul CO,Intrigue,Oldsmobile,36183.5
U-Haul CO,Jetta,Volkswagen,33959.925
U-Haul CO,LHS,Chrysler,25750.083333333332
U-Haul CO,LS,Saturn,31000.285714285714
U-Haul CO,LS400,Lexus,40924.425
U-Haul CO,LW,Saturn,22658.076923076922
U-Haul CO,LX470,Lexus,39286.0
U-Haul CO,Land Cruiser,Toyota,24000.0
U-Haul CO,LeSabre,Buick,20000.0
U-Haul CO,Lumina,Chevrolet,37100.333333333336
U-Haul CO,M-Class,Mercedes-B,33171.71428571428
U-Haul CO,Malibu,Chevrolet,45556.642857142855
U-Haul CO,Maxima,Nissan,43541.833333333336
U-Haul CO,Metro,Chevrolet,18566.8
U-Haul CO,Mirage,Mitsubishi,9000.0
U-Haul CO,Monte Carlo,Chevrolet,29982.090909090908
U-Haul CO,Montero,Mitsubishi,16013.0
U-Haul CO,Montero Sport,Mitsubishi,43631.5
U-Haul CO,Mountaineer,Mercury,21100.4
U-Haul CO,Mustang,Ford,23009.545454545456
U-Haul CO,Mystique,Mercury,29250.5
U-Haul CO,Navigator,Lincoln,27800.25
U-Haul CO,Neon,Plymouth,23014.571428571428
U-Haul CO,Odyssey,Honda,43200.4
U-Haul CO,Outback,Subaru,40333.833333333336
U-Haul CO,Park Avenue,Buick,41699.6
U-Haul CO,Passat,Volkswagen,18666.708333333332
U-Haul CO,Passport,Honda,21833.666666666668
U-Haul CO,Pathfinder,Nissan,34954.09090909091
U-Haul CO,Prizm,Chevrolet,23258.105263157893
U-Haul CO,Prowler,Plymouth,24442.346153846152
U-Haul CO,Quest,Nissan,29300.2
U-Haul CO,RAV4,Toyota,34833.0
U-Haul CO,RL,Acura,25233.533333333333
U-Haul CO,Ram Pickup,Dodge,26328.85714285714
U-Haul CO,Ram Van,Dodge,31799.75
U-Haul CO,Ram Wagon,Dodge,22125.5
U-Haul CO,Ranger,Ford,30442.428571428572
U-Haul CO,Regal,Buick,30640.3
U-Haul CO,S-Class,Mercedes-B,26970.735294117647
U-Haul CO,S-Type,Jaguar,19000.2
U-Haul CO,S40,Volvo,33880.5
U-Haul CO,S70,Volvo,23275.25
U-Haul CO,S80,Volvo,23150.0
U-Haul CO,SC,Saturn,43109.6
U-Haul CO,SL,Saturn,11000.0
U-Haul CO,SL-Class,Mercedes-B,24773.272727272728
U-Haul CO,SLK,Mercedes-B,23944.555555555555
U-Haul CO,SLK230,Mercedes-B,40749.5
U-Haul CO,SW,Saturn,30625.0
U-Haul CO,Sable,Mercury,46213.78571428572
U-Haul CO,Sebring Coupe,Chrysler,26057.923076923078
U-Haul CO,Sentra,Nissan,16001.0
U-Haul CO,Seville,Cadillac,24400.4
U-Haul CO,Sienna,Toyota,25000.2
U-Haul CO,Silhouette,Oldsmobile,32647.119047619046
U-Haul CO,Sonata,Hyundai,18300.285714285714
U-Haul CO,Stratus,Dodge,29066.666666666668
U-Haul CO,Sunfire,Pontiac,34400.13333333333
U-Haul CO,TL,Acura,23250.375
U-Haul CO,Tacoma,Toyota,39639.0
U-Haul CO,Taurus,Ford,38116.375
U-Haul CO,Town & Country,Chrysler,42400.5
U-Haul CO,Town car,Lincoln,17500.0
U-Haul CO,V40,Volvo,18000.5
U-Haul CO,V70,Volvo,39000.333333333336
U-Haul CO,Villager,Mercury,19814.714285714286
U-Haul CO,Viper,Dodge,29576.58823529412
U-Haul CO,Voyager,Plymouth,31832.944444444445
U-Haul CO,Windstar,Ford,21250.25
U-Haul CO,Wrangler,Jeep,20511.055555555555
U-Haul CO,Xterra,Nissan,22727.545454545456
Volvo Cars Marin,XC90 Hybrid T8 Inscription 7 Passenger,Volvo,45700.0
Washington Exotics,Cullinan Black Badge,Rolls-Royce,141026.5
